Tool,Phase,Case,Run,Scenario,Artifact,Iteration,Metric,Value
Redland,Read,ConnectedSegments,1,Batch,1,1,Time,83241940
Redland,Check,ConnectedSegments,1,Batch,1,1,Time,15198482037
Redland,Check,ConnectedSegments,1,Batch,1,1,Matches,0
Redland,Read,RouteSensor,1,Batch,1,1,Time,83241940
Redland,Check,RouteSensor,1,Batch,1,1,Time,2559449196
Redland,Check,RouteSensor,1,Batch,1,1,Matches,0
Redland,Read,SemaphoreNeighbor,1,Batch,1,1,Time,83241940
Redland,Check,SemaphoreNeighbor,1,Batch,1,1,Time,122190184116
Redland,Check,SemaphoreNeighbor,1,Batch,1,1,Matches,0
Redland,Read,SwitchSet,1,Batch,1,1,Time,83241940
Redland,Check,SwitchSet,1,Batch,1,1,Time,3305343866
Redland,Check,SwitchSet,1,Batch,1,1,Matches,0
Redland,Read,ConnectedSegments,1,Batch,2,1,Time,183603048
Redland,Check,ConnectedSegments,1,Batch,2,1,Time,41775595188
Redland,Check,ConnectedSegments,1,Batch,2,1,Matches,0
Redland,Read,RouteSensor,1,Batch,2,1,Time,183603048
Redland,Check,RouteSensor,1,Batch,2,1,Time,8412606001
Redland,Check,RouteSensor,1,Batch,2,1,Matches,0
Redland,Read,SemaphoreNeighbor,1,Batch,2,1,Time,183603048
Redland,Check,SemaphoreNeighbor,1,Batch,2,1,Time,462249575853
Redland,Check,SemaphoreNeighbor,1,Batch,2,1,Matches,0
Redland,Read,SwitchSet,1,Batch,2,1,Time,183603048
Redland,Check,SwitchSet,1,Batch,2,1,Time,10649061918
Redland,Check,SwitchSet,1,Batch,2,1,Matches,0
Sesame_(No_Inferencing),Read,RouteSensor,4,Batch,16,1,Time,867201582
Sesame_(No_Inferencing),Check,RouteSensor,4,Batch,16,1,Time,49796806
Sesame_(No_Inferencing),Check,RouteSensor,4,Batch,16,1,Matches,0
Sesame_(No_Inferencing),Read,SwitchSet,2,Batch,2,1,Time,339996417
Sesame_(No_Inferencing),Check,SwitchSet,2,Batch,2,1,Time,57494316
Sesame_(No_Inferencing),Check,SwitchSet,2,Batch,2,1,Matches,0
Sesame_(No_Inferencing),Read,SemaphoreNeighbor,2,Batch,64,1,Time,4378665428
Sesame_(No_Inferencing),Check,SemaphoreNeighbor,2,Batch,64,1,Time,5667571753
Sesame_(No_Inferencing),Check,SemaphoreNeighbor,2,Batch,64,1,Matches,0
Jena_(No_Inferencing),Read,ConnectedSegments,4,Batch,1,1,Time,137769065
Jena_(No_Inferencing),Check,ConnectedSegments,4,Batch,1,1,Time,23922913
Jena_(No_Inferencing),Check,ConnectedSegments,4,Batch,1,1,Matches,0
Sesame_(No_Inferencing),Read,SemaphoreNeighbor,2,Batch,128,1,Time,10747840223
Sesame_(No_Inferencing),Check,SemaphoreNeighbor,2,Batch,128,1,Time,11081557221
Sesame_(No_Inferencing),Check,SemaphoreNeighbor,2,Batch,128,1,Matches,0
Sesame_(No_Inferencing),Read,RouteSensor,1,Batch,128,1,Time,10270592702
Sesame_(No_Inferencing),Check,RouteSensor,1,Batch,128,1,Time,777617329
Sesame_(No_Inferencing),Check,RouteSensor,1,Batch,128,1,Matches,0
Jena_(No_Inferencing),Read,SemaphoreNeighbor,1,Batch,1,1,Time,456031914
Jena_(No_Inferencing),Check,SemaphoreNeighbor,1,Batch,1,1,Time,427310092
Jena_(No_Inferencing),Check,SemaphoreNeighbor,1,Batch,1,1,Matches,0
Jena_(No_Inferencing),Read,SemaphoreNeighbor,5,Batch,64,1,Time,4362709514
Jena_(No_Inferencing),Check,SemaphoreNeighbor,5,Batch,64,1,Time,720039779
Jena_(No_Inferencing),Check,SemaphoreNeighbor,5,Batch,64,1,Matches,0
Sesame_(No_Inferencing),Read,SwitchSet,5,Batch,1,1,Time,150455537
Sesame_(No_Inferencing),Check,SwitchSet,5,Batch,1,1,Time,28048333
Sesame_(No_Inferencing),Check,SwitchSet,5,Batch,1,1,Matches,0
Sesame_(No_Inferencing),Read,ConnectedSegments,5,Batch,256,1,Time,17618594336
Sesame_(No_Inferencing),Check,ConnectedSegments,5,Batch,256,1,Time,17398081859
Sesame_(No_Inferencing),Check,ConnectedSegments,5,Batch,256,1,Matches,0
Jena_(No_Inferencing),Read,RouteSensor,1,Batch,64,1,Time,5423782683
Jena_(No_Inferencing),Check,RouteSensor,1,Batch,64,1,Time,620288352
Jena_(No_Inferencing),Check,RouteSensor,1,Batch,64,1,Matches,0
Jena_(No_Inferencing),Read,RouteSensor,3,Batch,64,1,Time,3560618066
Jena_(No_Inferencing),Check,RouteSensor,3,Batch,64,1,Time,391874990
Jena_(No_Inferencing),Check,RouteSensor,3,Batch,64,1,Matches,0
Jena_(No_Inferencing),Read,RouteSensor,2,Batch,2,1,Time,212871462
Jena_(No_Inferencing),Check,RouteSensor,2,Batch,2,1,Time,35250416
Jena_(No_Inferencing),Check,RouteSensor,2,Batch,2,1,Matches,0
Jena_(No_Inferencing),Read,RouteSensor,4,Batch,4,1,Time,385992622
Jena_(No_Inferencing),Check,RouteSensor,4,Batch,4,1,Time,40438229
Jena_(No_Inferencing),Check,RouteSensor,4,Batch,4,1,Matches,0
Sesame_(No_Inferencing),Read,ConnectedSegments,4,Batch,64,1,Time,3197392075
Sesame_(No_Inferencing),Check,ConnectedSegments,4,Batch,64,1,Time,5132429772
Sesame_(No_Inferencing),Check,ConnectedSegments,4,Batch,64,1,Matches,0
Jena_(No_Inferencing),Read,SemaphoreNeighbor,2,Batch,2,1,Time,202011857
Jena_(No_Inferencing),Check,SemaphoreNeighbor,2,Batch,2,1,Time,25422860
Jena_(No_Inferencing),Check,SemaphoreNeighbor,2,Batch,2,1,Matches,0
Sesame_(No_Inferencing),Read,SwitchSet,2,Batch,16,1,Time,1380422790
Sesame_(No_Inferencing),Check,SwitchSet,2,Batch,16,1,Time,95814469
Sesame_(No_Inferencing),Check,SwitchSet,2,Batch,16,1,Matches,0
Jena_(No_Inferencing),Read,SemaphoreNeighbor,3,Batch,64,1,Time,3826274008
Jena_(No_Inferencing),Check,SemaphoreNeighbor,3,Batch,64,1,Time,541695469
Jena_(No_Inferencing),Check,SemaphoreNeighbor,3,Batch,64,1,Matches,0
Sesame_(No_Inferencing),Read,SwitchSet,2,Batch,8,1,Time,762339877
Sesame_(No_Inferencing),Check,SwitchSet,2,Batch,8,1,Time,27342903
Sesame_(No_Inferencing),Check,SwitchSet,2,Batch,8,1,Matches,0
Jena_(No_Inferencing),Read,RouteSensor,1,Batch,1,1,Time,658749716
Jena_(No_Inferencing),Check,RouteSensor,1,Batch,1,1,Time,484131553
Jena_(No_Inferencing),Check,RouteSensor,1,Batch,1,1,Matches,0
Sesame_(No_Inferencing),Read,SemaphoreNeighbor,2,Batch,2,1,Time,140720776
Sesame_(No_Inferencing),Check,SemaphoreNeighbor,2,Batch,2,1,Time,14448216797
Sesame_(No_Inferencing),Check,SemaphoreNeighbor,2,Batch,2,1,Matches,0
Sesame_(No_Inferencing),Read,SemaphoreNeighbor,1,Batch,4,1,Time,1288188020
Sesame_(No_Inferencing),Check,SemaphoreNeighbor,1,Batch,4,1,Time,102146302281
Sesame_(No_Inferencing),Check,SemaphoreNeighbor,1,Batch,4,1,Matches,0
Sesame_(No_Inferencing),Read,SemaphoreNeighbor,1,Batch,16,1,Time,2313660343
Sesame_(No_Inferencing),Check,SemaphoreNeighbor,1,Batch,16,1,Time,1752959579
Sesame_(No_Inferencing),Check,SemaphoreNeighbor,1,Batch,16,1,Matches,0
Sesame_(No_Inferencing),Read,ConnectedSegments,4,Batch,32,1,Time,1658732874
Sesame_(No_Inferencing),Check,ConnectedSegments,4,Batch,32,1,Time,2829052824
Sesame_(No_Inferencing),Check,ConnectedSegments,4,Batch,32,1,Matches,0
Sesame_(No_Inferencing),Read,ConnectedSegments,2,Batch,16,1,Time,975989070
Sesame_(No_Inferencing),Check,ConnectedSegments,2,Batch,16,1,Time,1368474002
Sesame_(No_Inferencing),Check,ConnectedSegments,2,Batch,16,1,Matches,0
Jena_(No_Inferencing),Read,RouteSensor,2,Batch,256,1,Time,18753322732
Jena_(No_Inferencing),Check,RouteSensor,2,Batch,256,1,Time,893722023
Jena_(No_Inferencing),Check,RouteSensor,2,Batch,256,1,Matches,0
Sesame_(No_Inferencing),Read,RouteSensor,2,Batch,256,1,Time,19133586245
Sesame_(No_Inferencing),Check,RouteSensor,2,Batch,256,1,Time,609233133
Sesame_(No_Inferencing),Check,RouteSensor,2,Batch,256,1,Matches,0
Sesame_(No_Inferencing),Read,SwitchSet,4,Batch,2,1,Time,227163434
Sesame_(No_Inferencing),Check,SwitchSet,4,Batch,2,1,Time,43783526
Sesame_(No_Inferencing),Check,SwitchSet,4,Batch,2,1,Matches,0
Sesame_(No_Inferencing),Read,SemaphoreNeighbor,5,Batch,1,1,Time,39254937
Sesame_(No_Inferencing),Check,SemaphoreNeighbor,5,Batch,1,1,Time,5147139219
Sesame_(No_Inferencing),Check,SemaphoreNeighbor,5,Batch,1,1,Matches,0
Jena_(No_Inferencing),Read,ConnectedSegments,3,Batch,1,1,Time,119917883
Jena_(No_Inferencing),Check,ConnectedSegments,3,Batch,1,1,Time,28855089
Jena_(No_Inferencing),Check,ConnectedSegments,3,Batch,1,1,Matches,0
Sesame_(No_Inferencing),Read,ConnectedSegments,3,Batch,32,1,Time,1895666395
Sesame_(No_Inferencing),Check,ConnectedSegments,3,Batch,32,1,Time,3053438237
Sesame_(No_Inferencing),Check,ConnectedSegments,3,Batch,32,1,Matches,0
Sesame_(No_Inferencing),Read,ConnectedSegments,5,Batch,4,1,Time,145890952
Sesame_(No_Inferencing),Check,ConnectedSegments,5,Batch,4,1,Time,290148385
Sesame_(No_Inferencing),Check,ConnectedSegments,5,Batch,4,1,Matches,0
Jena_(No_Inferencing),Read,SemaphoreNeighbor,5,Batch,128,1,Time,7523670580
Jena_(No_Inferencing),Check,SemaphoreNeighbor,5,Batch,128,1,Time,962718329
Jena_(No_Inferencing),Check,SemaphoreNeighbor,5,Batch,128,1,Matches,0
Jena_(No_Inferencing),Read,SemaphoreNeighbor,3,Batch,4,1,Time,301074862
Jena_(No_Inferencing),Check,SemaphoreNeighbor,3,Batch,4,1,Time,46795689
Jena_(No_Inferencing),Check,SemaphoreNeighbor,3,Batch,4,1,Matches,0
Jena_(No_Inferencing),Read,SemaphoreNeighbor,5,Batch,2,1,Time,130527097
Jena_(No_Inferencing),Check,SemaphoreNeighbor,5,Batch,2,1,Time,20724007
Jena_(No_Inferencing),Check,SemaphoreNeighbor,5,Batch,2,1,Matches,0
Jena_(No_Inferencing),Read,SemaphoreNeighbor,4,Batch,2,1,Time,149694970
Jena_(No_Inferencing),Check,SemaphoreNeighbor,4,Batch,2,1,Time,22197316
Jena_(No_Inferencing),Check,SemaphoreNeighbor,4,Batch,2,1,Matches,0
Jena_(No_Inferencing),Read,ConnectedSegments,4,Batch,2,1,Time,244153278
Jena_(No_Inferencing),Check,ConnectedSegments,4,Batch,2,1,Time,54187884
Jena_(No_Inferencing),Check,ConnectedSegments,4,Batch,2,1,Matches,0
Jena_(No_Inferencing),Read,SwitchSet,2,Batch,4,1,Time,318001482
Jena_(No_Inferencing),Check,SwitchSet,2,Batch,4,1,Time,11147986
Jena_(No_Inferencing),Check,SwitchSet,2,Batch,4,1,Matches,0
Jena_(No_Inferencing),Read,RouteSensor,5,Batch,64,1,Time,4136408974
Jena_(No_Inferencing),Check,RouteSensor,5,Batch,64,1,Time,177458833
Jena_(No_Inferencing),Check,RouteSensor,5,Batch,64,1,Matches,0
Sesame_(No_Inferencing),Read,ConnectedSegments,5,Batch,16,1,Time,679387307
Sesame_(No_Inferencing),Check,ConnectedSegments,5,Batch,16,1,Time,1273211356
Sesame_(No_Inferencing),Check,ConnectedSegments,5,Batch,16,1,Matches,0
Sesame_(No_Inferencing),Read,SwitchSet,3,Batch,16,1,Time,927266951
Sesame_(No_Inferencing),Check,SwitchSet,3,Batch,16,1,Time,161795327
Sesame_(No_Inferencing),Check,SwitchSet,3,Batch,16,1,Matches,0
Jena_(No_Inferencing),Read,ConnectedSegments,3,Batch,256,1,Time,17175817342
Jena_(No_Inferencing),Check,ConnectedSegments,3,Batch,256,1,Time,8882247772
Jena_(No_Inferencing),Check,ConnectedSegments,3,Batch,256,1,Matches,0
Sesame_(No_Inferencing),Read,ConnectedSegments,2,Batch,128,1,Time,8633057879
Sesame_(No_Inferencing),Check,ConnectedSegments,2,Batch,128,1,Time,10338390330
Sesame_(No_Inferencing),Check,ConnectedSegments,2,Batch,128,1,Matches,0
Sesame_(No_Inferencing),Read,RouteSensor,2,Batch,1,1,Time,89670391
Sesame_(No_Inferencing),Check,RouteSensor,2,Batch,1,1,Time,14199992
Sesame_(No_Inferencing),Check,RouteSensor,2,Batch,1,1,Matches,0
Sesame_(No_Inferencing),Read,ConnectedSegments,3,Batch,1,1,Time,79618536
Sesame_(No_Inferencing),Check,ConnectedSegments,3,Batch,1,1,Time,107705350
Sesame_(No_Inferencing),Check,ConnectedSegments,3,Batch,1,1,Matches,0
Jena_(No_Inferencing),Read,SwitchSet,4,Batch,128,1,Time,6846474427
Jena_(No_Inferencing),Check,SwitchSet,4,Batch,128,1,Time,52912398
Jena_(No_Inferencing),Check,SwitchSet,4,Batch,128,1,Matches,0
Sesame_(No_Inferencing),Read,ConnectedSegments,4,Batch,1,1,Time,71636186
Sesame_(No_Inferencing),Check,ConnectedSegments,4,Batch,1,1,Time,93683353
Sesame_(No_Inferencing),Check,ConnectedSegments,4,Batch,1,1,Matches,0
Jena_(No_Inferencing),Read,SwitchSet,4,Batch,16,1,Time,682242869
Jena_(No_Inferencing),Check,SwitchSet,4,Batch,16,1,Time,11256611
Jena_(No_Inferencing),Check,SwitchSet,4,Batch,16,1,Matches,0
Jena_(No_Inferencing),Read,SwitchSet,2,Batch,128,1,Time,8451309681
Jena_(No_Inferencing),Check,SwitchSet,2,Batch,128,1,Time,85569550
Jena_(No_Inferencing),Check,SwitchSet,2,Batch,128,1,Matches,0
Jena_(No_Inferencing),Read,SwitchSet,4,Batch,64,1,Time,3124409188
Jena_(No_Inferencing),Check,SwitchSet,4,Batch,64,1,Time,25465899
Jena_(No_Inferencing),Check,SwitchSet,4,Batch,64,1,Matches,0
Jena_(No_Inferencing),Read,ConnectedSegments,5,Batch,2,1,Time,134299641
Jena_(No_Inferencing),Check,ConnectedSegments,5,Batch,2,1,Time,23926849
Jena_(No_Inferencing),Check,ConnectedSegments,5,Batch,2,1,Matches,0
Jena_(No_Inferencing),Read,RouteSensor,3,Batch,4,1,Time,430701628
Jena_(No_Inferencing),Check,RouteSensor,3,Batch,4,1,Time,53231577
Jena_(No_Inferencing),Check,RouteSensor,3,Batch,4,1,Matches,0
Sesame_(No_Inferencing),Read,SwitchSet,1,Batch,2,1,Time,715858531
Sesame_(No_Inferencing),Check,SwitchSet,1,Batch,2,1,Time,274962822
Sesame_(No_Inferencing),Check,SwitchSet,1,Batch,2,1,Matches,0
Sesame_(No_Inferencing),Read,ConnectedSegments,1,Batch,8,1,Time,1327924364
Sesame_(No_Inferencing),Check,ConnectedSegments,1,Batch,8,1,Time,1034390892
Sesame_(No_Inferencing),Check,ConnectedSegments,1,Batch,8,1,Matches,0
Sesame_(No_Inferencing),Read,RouteSensor,2,Batch,32,1,Time,2499897500
Sesame_(No_Inferencing),Check,RouteSensor,2,Batch,32,1,Time,164667802
Sesame_(No_Inferencing),Check,RouteSensor,2,Batch,32,1,Matches,0
Sesame_(No_Inferencing),Read,ConnectedSegments,1,Batch,1,1,Time,642661926
Sesame_(No_Inferencing),Check,ConnectedSegments,1,Batch,1,1,Time,590844824
Sesame_(No_Inferencing),Check,ConnectedSegments,1,Batch,1,1,Matches,0
Jena_(No_Inferencing),Read,SwitchSet,5,Batch,32,1,Time,1896304514
Jena_(No_Inferencing),Check,SwitchSet,5,Batch,32,1,Time,12359446
Jena_(No_Inferencing),Check,SwitchSet,5,Batch,32,1,Matches,0
Sesame_(No_Inferencing),Read,SwitchSet,2,Batch,1,1,Time,106443609
Sesame_(No_Inferencing),Check,SwitchSet,2,Batch,1,1,Time,13192061
Sesame_(No_Inferencing),Check,SwitchSet,2,Batch,1,1,Matches,0
Jena_(No_Inferencing),Read,SwitchSet,5,Batch,1,1,Time,133737382
Jena_(No_Inferencing),Check,SwitchSet,5,Batch,1,1,Time,12977109
Jena_(No_Inferencing),Check,SwitchSet,5,Batch,1,1,Matches,0
Sesame_(No_Inferencing),Read,SwitchSet,1,Batch,32,1,Time,3805164460
Sesame_(No_Inferencing),Check,SwitchSet,1,Batch,32,1,Time,640729477
Sesame_(No_Inferencing),Check,SwitchSet,1,Batch,32,1,Matches,0
Sesame_(No_Inferencing),Read,ConnectedSegments,2,Batch,64,1,Time,3531086148
Sesame_(No_Inferencing),Check,ConnectedSegments,2,Batch,64,1,Time,5118846175
Sesame_(No_Inferencing),Check,ConnectedSegments,2,Batch,64,1,Matches,0
Sesame_(No_Inferencing),Read,ConnectedSegments,3,Batch,8,1,Time,390977194
Sesame_(No_Inferencing),Check,ConnectedSegments,3,Batch,8,1,Time,548400719
Sesame_(No_Inferencing),Check,ConnectedSegments,3,Batch,8,1,Matches,0
Jena_(No_Inferencing),Read,ConnectedSegments,2,Batch,4,1,Time,402546312
Jena_(No_Inferencing),Check,ConnectedSegments,2,Batch,4,1,Time,115047347
Jena_(No_Inferencing),Check,ConnectedSegments,2,Batch,4,1,Matches,0
Sesame_(No_Inferencing),Read,SwitchSet,4,Batch,16,1,Time,1130705350
Sesame_(No_Inferencing),Check,SwitchSet,4,Batch,16,1,Time,87166242
Sesame_(No_Inferencing),Check,SwitchSet,4,Batch,16,1,Matches,0
Sesame_(No_Inferencing),Read,SwitchSet,2,Batch,64,1,Time,5960866654
Sesame_(No_Inferencing),Check,SwitchSet,2,Batch,64,1,Time,222613019
Sesame_(No_Inferencing),Check,SwitchSet,2,Batch,64,1,Matches,0
Sesame_(No_Inferencing),Read,SwitchSet,5,Batch,64,1,Time,3647970529
Sesame_(No_Inferencing),Check,SwitchSet,5,Batch,64,1,Time,123352266
Sesame_(No_Inferencing),Check,SwitchSet,5,Batch,64,1,Matches,0
Jena_(No_Inferencing),Read,RouteSensor,5,Batch,128,1,Time,8348852716
Jena_(No_Inferencing),Check,RouteSensor,5,Batch,128,1,Time,424166944
Jena_(No_Inferencing),Check,RouteSensor,5,Batch,128,1,Matches,0
Jena_(No_Inferencing),Read,RouteSensor,1,Batch,4,1,Time,914295464
Jena_(No_Inferencing),Check,RouteSensor,1,Batch,4,1,Time,395268244
Jena_(No_Inferencing),Check,RouteSensor,1,Batch,4,1,Matches,0
Sesame_(No_Inferencing),Read,RouteSensor,4,Batch,256,1,Time,16917137650
Sesame_(No_Inferencing),Check,RouteSensor,4,Batch,256,1,Time,368915703
Sesame_(No_Inferencing),Check,RouteSensor,4,Batch,256,1,Matches,0
Jena_(No_Inferencing),Read,SwitchSet,4,Batch,8,1,Time,551331251
Jena_(No_Inferencing),Check,SwitchSet,4,Batch,8,1,Time,16643330
Jena_(No_Inferencing),Check,SwitchSet,4,Batch,8,1,Matches,0
Sesame_(No_Inferencing),Read,RouteSensor,3,Batch,8,1,Time,663792187
Sesame_(No_Inferencing),Check,RouteSensor,3,Batch,8,1,Time,38342785
Sesame_(No_Inferencing),Check,RouteSensor,3,Batch,8,1,Matches,0
Jena_(No_Inferencing),Read,ConnectedSegments,5,Batch,4,1,Time,224971339
Jena_(No_Inferencing),Check,ConnectedSegments,5,Batch,4,1,Time,103810328
Jena_(No_Inferencing),Check,ConnectedSegments,5,Batch,4,1,Matches,0
Sesame_(No_Inferencing),Read,RouteSensor,1,Batch,64,1,Time,6092161437
Sesame_(No_Inferencing),Check,RouteSensor,1,Batch,64,1,Time,869260633
Sesame_(No_Inferencing),Check,RouteSensor,1,Batch,64,1,Matches,0
Jena_(No_Inferencing),Read,ConnectedSegments,4,Batch,8,1,Time,398940378
Jena_(No_Inferencing),Check,ConnectedSegments,4,Batch,8,1,Time,99696826
Jena_(No_Inferencing),Check,ConnectedSegments,4,Batch,8,1,Matches,0
Sesame_(No_Inferencing),Read,ConnectedSegments,1,Batch,2,1,Time,670231850
Sesame_(No_Inferencing),Check,ConnectedSegments,1,Batch,2,1,Time,544341319
Sesame_(No_Inferencing),Check,ConnectedSegments,1,Batch,2,1,Matches,0
Jena_(No_Inferencing),Read,ConnectedSegments,3,Batch,4,1,Time,322329229
Jena_(No_Inferencing),Check,ConnectedSegments,3,Batch,4,1,Time,165680652
Jena_(No_Inferencing),Check,ConnectedSegments,3,Batch,4,1,Matches,0
Sesame_(No_Inferencing),Read,RouteSensor,5,Batch,128,1,Time,8868213750
Sesame_(No_Inferencing),Check,RouteSensor,5,Batch,128,1,Time,166667793
Sesame_(No_Inferencing),Check,RouteSensor,5,Batch,128,1,Matches,0
Sesame_(No_Inferencing),Read,SemaphoreNeighbor,2,Batch,32,1,Time,2110059092
Sesame_(No_Inferencing),Check,SemaphoreNeighbor,2,Batch,32,1,Time,4027693345
Sesame_(No_Inferencing),Check,SemaphoreNeighbor,2,Batch,32,1,Matches,0
Jena_(No_Inferencing),Read,SemaphoreNeighbor,2,Batch,1,1,Time,141335787
Jena_(No_Inferencing),Check,SemaphoreNeighbor,2,Batch,1,1,Time,19715233
Jena_(No_Inferencing),Check,SemaphoreNeighbor,2,Batch,1,1,Matches,0
Sesame_(No_Inferencing),Read,RouteSensor,1,Batch,32,1,Time,2980099476
Sesame_(No_Inferencing),Check,RouteSensor,1,Batch,32,1,Time,314462023
Sesame_(No_Inferencing),Check,RouteSensor,1,Batch,32,1,Matches,0
Jena_(No_Inferencing),Read,RouteSensor,4,Batch,128,1,Time,8176918531
Jena_(No_Inferencing),Check,RouteSensor,4,Batch,128,1,Time,323121250
Jena_(No_Inferencing),Check,RouteSensor,4,Batch,128,1,Matches,0
Jena_(No_Inferencing),Read,RouteSensor,3,Batch,2,1,Time,174800248
Jena_(No_Inferencing),Check,RouteSensor,3,Batch,2,1,Time,13607297
Jena_(No_Inferencing),Check,RouteSensor,3,Batch,2,1,Matches,0
Jena_(No_Inferencing),Read,SwitchSet,5,Batch,256,1,Time,18127522571
Jena_(No_Inferencing),Check,SwitchSet,5,Batch,256,1,Time,148919380
Jena_(No_Inferencing),Check,SwitchSet,5,Batch,256,1,Matches,0
Sesame_(No_Inferencing),Read,RouteSensor,4,Batch,32,1,Time,1777178400
Sesame_(No_Inferencing),Check,RouteSensor,4,Batch,32,1,Time,104058955
Sesame_(No_Inferencing),Check,RouteSensor,4,Batch,32,1,Matches,0
Jena_(No_Inferencing),Read,SwitchSet,3,Batch,2,1,Time,165214757
Jena_(No_Inferencing),Check,SwitchSet,3,Batch,2,1,Time,5570059
Jena_(No_Inferencing),Check,SwitchSet,3,Batch,2,1,Matches,0
Jena_(No_Inferencing),Read,RouteSensor,2,Batch,1,1,Time,205104499
Jena_(No_Inferencing),Check,RouteSensor,2,Batch,1,1,Time,18905873
Jena_(No_Inferencing),Check,RouteSensor,2,Batch,1,1,Matches,0
Sesame_(No_Inferencing),Read,SwitchSet,2,Batch,4,1,Time,570631250
Sesame_(No_Inferencing),Check,SwitchSet,2,Batch,4,1,Time,20429876
Sesame_(No_Inferencing),Check,SwitchSet,2,Batch,4,1,Matches,0
Sesame_(No_Inferencing),Read,RouteSensor,2,Batch,8,1,Time,908935630
Sesame_(No_Inferencing),Check,RouteSensor,2,Batch,8,1,Time,73300594
Sesame_(No_Inferencing),Check,RouteSensor,2,Batch,8,1,Matches,0
Jena_(No_Inferencing),Read,SwitchSet,2,Batch,16,1,Time,982386778
Jena_(No_Inferencing),Check,SwitchSet,2,Batch,16,1,Time,28552885
Jena_(No_Inferencing),Check,SwitchSet,2,Batch,16,1,Matches,0
Sesame_(No_Inferencing),Read,SemaphoreNeighbor,4,Batch,64,1,Time,4092065728
Sesame_(No_Inferencing),Check,SemaphoreNeighbor,4,Batch,64,1,Time,6093712076
Sesame_(No_Inferencing),Check,SemaphoreNeighbor,4,Batch,64,1,Matches,0
Jena_(No_Inferencing),Read,ConnectedSegments,5,Batch,128,1,Time,7456411561
Jena_(No_Inferencing),Check,ConnectedSegments,5,Batch,128,1,Time,2146346257
Jena_(No_Inferencing),Check,ConnectedSegments,5,Batch,128,1,Matches,0
Jena_(No_Inferencing),Read,SwitchSet,1,Batch,1,1,Time,542319917
Jena_(No_Inferencing),Check,SwitchSet,1,Batch,1,1,Time,481343830
Jena_(No_Inferencing),Check,SwitchSet,1,Batch,1,1,Matches,0
Jena_(No_Inferencing),Read,ConnectedSegments,1,Batch,8,1,Time,1457138656
Jena_(No_Inferencing),Check,ConnectedSegments,1,Batch,8,1,Time,482449715
Jena_(No_Inferencing),Check,ConnectedSegments,1,Batch,8,1,Matches,0
Sesame_(No_Inferencing),Read,SwitchSet,2,Batch,128,1,Time,9841831887
Sesame_(No_Inferencing),Check,SwitchSet,2,Batch,128,1,Time,511393079
Sesame_(No_Inferencing),Check,SwitchSet,2,Batch,128,1,Matches,0
Jena_(No_Inferencing),Read,SwitchSet,3,Batch,128,1,Time,6775970275
Jena_(No_Inferencing),Check,SwitchSet,3,Batch,128,1,Time,60522045
Jena_(No_Inferencing),Check,SwitchSet,3,Batch,128,1,Matches,0
Sesame_(No_Inferencing),Read,ConnectedSegments,2,Batch,32,1,Time,2725158995
Sesame_(No_Inferencing),Check,ConnectedSegments,2,Batch,32,1,Time,3178919342
Sesame_(No_Inferencing),Check,ConnectedSegments,2,Batch,32,1,Matches,0
Sesame_(No_Inferencing),Read,RouteSensor,3,Batch,256,1,Time,14771454066
Sesame_(No_Inferencing),Check,RouteSensor,3,Batch,256,1,Time,445058160
Sesame_(No_Inferencing),Check,RouteSensor,3,Batch,256,1,Matches,0
Sesame_(No_Inferencing),Read,ConnectedSegments,3,Batch,256,1,Time,14951112795
Sesame_(No_Inferencing),Check,ConnectedSegments,3,Batch,256,1,Time,19567389166
Sesame_(No_Inferencing),Check,ConnectedSegments,3,Batch,256,1,Matches,0
Jena_(No_Inferencing),Read,SemaphoreNeighbor,1,Batch,2,1,Time,624659481
Jena_(No_Inferencing),Check,SemaphoreNeighbor,1,Batch,2,1,Time,509666216
Jena_(No_Inferencing),Check,SemaphoreNeighbor,1,Batch,2,1,Matches,0
Jena_(No_Inferencing),Read,ConnectedSegments,4,Batch,256,1,Time,17869632066
Jena_(No_Inferencing),Check,ConnectedSegments,4,Batch,256,1,Time,8131481261
Jena_(No_Inferencing),Check,ConnectedSegments,4,Batch,256,1,Matches,0
Jena_(No_Inferencing),Read,SemaphoreNeighbor,5,Batch,32,1,Time,1954071614
Jena_(No_Inferencing),Check,SemaphoreNeighbor,5,Batch,32,1,Time,406936698
Jena_(No_Inferencing),Check,SemaphoreNeighbor,5,Batch,32,1,Matches,0
Jena_(No_Inferencing),Read,SemaphoreNeighbor,1,Batch,256,1,Time,18600542886
Jena_(No_Inferencing),Check,SemaphoreNeighbor,1,Batch,256,1,Time,3030865322
Jena_(No_Inferencing),Check,SemaphoreNeighbor,1,Batch,256,1,Matches,0
Jena_(No_Inferencing),Read,ConnectedSegments,2,Batch,1,1,Time,178099763
Jena_(No_Inferencing),Check,ConnectedSegments,2,Batch,1,1,Time,21418468
Jena_(No_Inferencing),Check,ConnectedSegments,2,Batch,1,1,Matches,0
Jena_(No_Inferencing),Read,RouteSensor,1,Batch,8,1,Time,1207731220
Jena_(No_Inferencing),Check,RouteSensor,1,Batch,8,1,Time,463166173
Jena_(No_Inferencing),Check,RouteSensor,1,Batch,8,1,Matches,0
Sesame_(No_Inferencing),Read,ConnectedSegments,2,Batch,8,1,Time,624113845
Sesame_(No_Inferencing),Check,ConnectedSegments,2,Batch,8,1,Time,589094917
Sesame_(No_Inferencing),Check,ConnectedSegments,2,Batch,8,1,Matches,0
Jena_(No_Inferencing),Read,SwitchSet,5,Batch,16,1,Time,581231357
Jena_(No_Inferencing),Check,SwitchSet,5,Batch,16,1,Time,9092780
Jena_(No_Inferencing),Check,SwitchSet,5,Batch,16,1,Matches,0
Jena_(No_Inferencing),Read,RouteSensor,2,Batch,16,1,Time,1044837369
Jena_(No_Inferencing),Check,RouteSensor,2,Batch,16,1,Time,52715810
Jena_(No_Inferencing),Check,RouteSensor,2,Batch,16,1,Matches,0
Sesame_(No_Inferencing),Read,SwitchSet,5,Batch,32,1,Time,1960392318
Sesame_(No_Inferencing),Check,SwitchSet,5,Batch,32,1,Time,117838144
Sesame_(No_Inferencing),Check,SwitchSet,5,Batch,32,1,Matches,0
Sesame_(No_Inferencing),Read,SemaphoreNeighbor,3,Batch,256,1,Time,20226260681
Sesame_(No_Inferencing),Check,SemaphoreNeighbor,3,Batch,256,1,Time,23221437743
Sesame_(No_Inferencing),Check,SemaphoreNeighbor,3,Batch,256,1,Matches,0
Jena_(No_Inferencing),Read,SwitchSet,3,Batch,4,1,Time,302187433
Jena_(No_Inferencing),Check,SwitchSet,3,Batch,4,1,Time,6840890
Jena_(No_Inferencing),Check,SwitchSet,3,Batch,4,1,Matches,0
Jena_(No_Inferencing),Read,SwitchSet,3,Batch,256,1,Time,16296611621
Jena_(No_Inferencing),Check,SwitchSet,3,Batch,256,1,Time,104269607
Jena_(No_Inferencing),Check,SwitchSet,3,Batch,256,1,Matches,0
Sesame_(No_Inferencing),Read,ConnectedSegments,5,Batch,128,1,Time,8705903654
Sesame_(No_Inferencing),Check,ConnectedSegments,5,Batch,128,1,Time,9108690733
Sesame_(No_Inferencing),Check,ConnectedSegments,5,Batch,128,1,Matches,0
Jena_(No_Inferencing),Read,RouteSensor,3,Batch,128,1,Time,8244497701
Jena_(No_Inferencing),Check,RouteSensor,3,Batch,128,1,Time,761493536
Jena_(No_Inferencing),Check,RouteSensor,3,Batch,128,1,Matches,0
Jena_(No_Inferencing),Read,SwitchSet,1,Batch,256,1,Time,15241153376
Jena_(No_Inferencing),Check,SwitchSet,1,Batch,256,1,Time,814466891
Jena_(No_Inferencing),Check,SwitchSet,1,Batch,256,1,Matches,0
Jena_(No_Inferencing),Read,ConnectedSegments,3,Batch,8,1,Time,420140988
Jena_(No_Inferencing),Check,ConnectedSegments,3,Batch,8,1,Time,151456919
Jena_(No_Inferencing),Check,ConnectedSegments,3,Batch,8,1,Matches,0
Jena_(No_Inferencing),Read,RouteSensor,5,Batch,2,1,Time,123528458
Jena_(No_Inferencing),Check,RouteSensor,5,Batch,2,1,Time,14820286
Jena_(No_Inferencing),Check,RouteSensor,5,Batch,2,1,Matches,0
Sesame_(No_Inferencing),Read,ConnectedSegments,3,Batch,2,1,Time,146901725
Sesame_(No_Inferencing),Check,ConnectedSegments,3,Batch,2,1,Time,242548680
Sesame_(No_Inferencing),Check,ConnectedSegments,3,Batch,2,1,Matches,0
Sesame_(No_Inferencing),Read,SemaphoreNeighbor,4,Batch,4,1,Time,262415881
Sesame_(No_Inferencing),Check,SemaphoreNeighbor,4,Batch,4,1,Time,116752361639
Sesame_(No_Inferencing),Check,SemaphoreNeighbor,4,Batch,4,1,Matches,0
Sesame_(No_Inferencing),Read,SemaphoreNeighbor,5,Batch,64,1,Time,3731840448
Sesame_(No_Inferencing),Check,SemaphoreNeighbor,5,Batch,64,1,Time,6107255247
Sesame_(No_Inferencing),Check,SemaphoreNeighbor,5,Batch,64,1,Matches,0
Sesame_(No_Inferencing),Read,SwitchSet,1,Batch,64,1,Time,6994376961
Sesame_(No_Inferencing),Check,SwitchSet,1,Batch,64,1,Time,597557592
Sesame_(No_Inferencing),Check,SwitchSet,1,Batch,64,1,Matches,0
Sesame_(No_Inferencing),Read,RouteSensor,1,Batch,1,1,Time,481613051
Sesame_(No_Inferencing),Check,RouteSensor,1,Batch,1,1,Time,228207825
Sesame_(No_Inferencing),Check,RouteSensor,1,Batch,1,1,Matches,0
Sesame_(No_Inferencing),Read,ConnectedSegments,3,Batch,64,1,Time,3557888100
Sesame_(No_Inferencing),Check,ConnectedSegments,3,Batch,64,1,Time,5504431578
Sesame_(No_Inferencing),Check,ConnectedSegments,3,Batch,64,1,Matches,0
Sesame_(No_Inferencing),Read,RouteSensor,5,Batch,2,1,Time,192747052
Sesame_(No_Inferencing),Check,RouteSensor,5,Batch,2,1,Time,16353841
Sesame_(No_Inferencing),Check,RouteSensor,5,Batch,2,1,Matches,0
Sesame_(No_Inferencing),Read,RouteSensor,5,Batch,8,1,Time,338092795
Sesame_(No_Inferencing),Check,RouteSensor,5,Batch,8,1,Time,18581019
Sesame_(No_Inferencing),Check,RouteSensor,5,Batch,8,1,Matches,0
Jena_(No_Inferencing),Read,SwitchSet,3,Batch,64,1,Time,3424018088
Jena_(No_Inferencing),Check,SwitchSet,3,Batch,64,1,Time,30669149
Jena_(No_Inferencing),Check,SwitchSet,3,Batch,64,1,Matches,0
Sesame_(No_Inferencing),Read,ConnectedSegments,2,Batch,256,1,Time,14024459231
Sesame_(No_Inferencing),Check,ConnectedSegments,2,Batch,256,1,Time,21047161636
Sesame_(No_Inferencing),Check,ConnectedSegments,2,Batch,256,1,Matches,0
Jena_(No_Inferencing),Read,RouteSensor,5,Batch,16,1,Time,853718530
Jena_(No_Inferencing),Check,RouteSensor,5,Batch,16,1,Time,41362339
Jena_(No_Inferencing),Check,RouteSensor,5,Batch,16,1,Matches,0
Jena_(No_Inferencing),Read,ConnectedSegments,2,Batch,64,1,Time,4631811023
Jena_(No_Inferencing),Check,ConnectedSegments,2,Batch,64,1,Time,1072108343
Jena_(No_Inferencing),Check,ConnectedSegments,2,Batch,64,1,Matches,0
Jena_(No_Inferencing),Read,RouteSensor,1,Batch,2,1,Time,526864812
Jena_(No_Inferencing),Check,RouteSensor,1,Batch,2,1,Time,338674465
Jena_(No_Inferencing),Check,RouteSensor,1,Batch,2,1,Matches,0
Jena_(No_Inferencing),Read,RouteSensor,5,Batch,4,1,Time,131948806
Jena_(No_Inferencing),Check,RouteSensor,5,Batch,4,1,Time,10565498
Jena_(No_Inferencing),Check,RouteSensor,5,Batch,4,1,Matches,0
Sesame_(No_Inferencing),Read,SemaphoreNeighbor,1,Batch,1,1,Time,561506141
Sesame_(No_Inferencing),Check,SemaphoreNeighbor,1,Batch,1,1,Time,4916804927
Sesame_(No_Inferencing),Check,SemaphoreNeighbor,1,Batch,1,1,Matches,0
Sesame_(No_Inferencing),Read,SemaphoreNeighbor,4,Batch,2,1,Time,111508893
Sesame_(No_Inferencing),Check,SemaphoreNeighbor,4,Batch,2,1,Time,14074923699
Sesame_(No_Inferencing),Check,SemaphoreNeighbor,4,Batch,2,1,Matches,0
Sesame_(No_Inferencing),Read,SemaphoreNeighbor,5,Batch,256,1,Time,17432986209
Sesame_(No_Inferencing),Check,SemaphoreNeighbor,5,Batch,256,1,Time,20434761074
Sesame_(No_Inferencing),Check,SemaphoreNeighbor,5,Batch,256,1,Matches,0
Sesame_(No_Inferencing),Read,SwitchSet,5,Batch,4,1,Time,474405123
Sesame_(No_Inferencing),Check,SwitchSet,5,Batch,4,1,Time,27165385
Sesame_(No_Inferencing),Check,SwitchSet,5,Batch,4,1,Matches,0
Jena_(No_Inferencing),Read,SemaphoreNeighbor,2,Batch,256,1,Time,21606283312
Jena_(No_Inferencing),Check,SemaphoreNeighbor,2,Batch,256,1,Time,1645967129
Jena_(No_Inferencing),Check,SemaphoreNeighbor,2,Batch,256,1,Matches,0
Jena_(No_Inferencing),Read,SemaphoreNeighbor,3,Batch,32,1,Time,2541131346
Jena_(No_Inferencing),Check,SemaphoreNeighbor,3,Batch,32,1,Time,650165541
Jena_(No_Inferencing),Check,SemaphoreNeighbor,3,Batch,32,1,Matches,0
Sesame_(No_Inferencing),Read,SemaphoreNeighbor,4,Batch,256,1,Time,16597796323
Sesame_(No_Inferencing),Check,SemaphoreNeighbor,4,Batch,256,1,Time,25913489527
Sesame_(No_Inferencing),Check,SemaphoreNeighbor,4,Batch,256,1,Matches,0
Sesame_(No_Inferencing),Read,RouteSensor,5,Batch,32,1,Time,1808134934
Sesame_(No_Inferencing),Check,RouteSensor,5,Batch,32,1,Time,78806338
Sesame_(No_Inferencing),Check,RouteSensor,5,Batch,32,1,Matches,0
Jena_(No_Inferencing),Read,RouteSensor,4,Batch,2,1,Time,145000662
Jena_(No_Inferencing),Check,RouteSensor,4,Batch,2,1,Time,22267957
Jena_(No_Inferencing),Check,RouteSensor,4,Batch,2,1,Matches,0
Jena_(No_Inferencing),Read,SwitchSet,1,Batch,32,1,Time,3156784860
Jena_(No_Inferencing),Check,SwitchSet,1,Batch,32,1,Time,369557597
Jena_(No_Inferencing),Check,SwitchSet,1,Batch,32,1,Matches,0
Sesame_(No_Inferencing),Read,SemaphoreNeighbor,5,Batch,4,1,Time,259712169
Sesame_(No_Inferencing),Check,SemaphoreNeighbor,5,Batch,4,1,Time,99746835228
Sesame_(No_Inferencing),Check,SemaphoreNeighbor,5,Batch,4,1,Matches,0
Jena_(No_Inferencing),Read,RouteSensor,1,Batch,128,1,Time,11572912563
Jena_(No_Inferencing),Check,RouteSensor,1,Batch,128,1,Time,1242025778
Jena_(No_Inferencing),Check,RouteSensor,1,Batch,128,1,Matches,0
Sesame_(No_Inferencing),Read,ConnectedSegments,2,Batch,4,1,Time,686847626
Sesame_(No_Inferencing),Check,ConnectedSegments,2,Batch,4,1,Time,300936057
Sesame_(No_Inferencing),Check,ConnectedSegments,2,Batch,4,1,Matches,0
Sesame_(No_Inferencing),Read,SwitchSet,5,Batch,2,1,Time,359787901
Sesame_(No_Inferencing),Check,SwitchSet,5,Batch,2,1,Time,26225208
Sesame_(No_Inferencing),Check,SwitchSet,5,Batch,2,1,Matches,0
Sesame_(No_Inferencing),Read,SwitchSet,3,Batch,32,1,Time,2126004982
Sesame_(No_Inferencing),Check,SwitchSet,3,Batch,32,1,Time,68968154
Sesame_(No_Inferencing),Check,SwitchSet,3,Batch,32,1,Matches,0
Jena_(No_Inferencing),Read,ConnectedSegments,5,Batch,8,1,Time,295202867
Jena_(No_Inferencing),Check,ConnectedSegments,5,Batch,8,1,Time,119634153
Jena_(No_Inferencing),Check,ConnectedSegments,5,Batch,8,1,Matches,0
Sesame_(No_Inferencing),Read,ConnectedSegments,5,Batch,32,1,Time,1621821581
Sesame_(No_Inferencing),Check,ConnectedSegments,5,Batch,32,1,Time,2700616732
Sesame_(No_Inferencing),Check,ConnectedSegments,5,Batch,32,1,Matches,0
Jena_(No_Inferencing),Read,SemaphoreNeighbor,2,Batch,4,1,Time,427752021
Jena_(No_Inferencing),Check,SemaphoreNeighbor,2,Batch,4,1,Time,55254915
Jena_(No_Inferencing),Check,SemaphoreNeighbor,2,Batch,4,1,Matches,0
Sesame_(No_Inferencing),Read,RouteSensor,1,Batch,256,1,Time,18621809848
Sesame_(No_Inferencing),Check,RouteSensor,1,Batch,256,1,Time,1087855152
Sesame_(No_Inferencing),Check,RouteSensor,1,Batch,256,1,Matches,0
Jena_(No_Inferencing),Read,SwitchSet,5,Batch,64,1,Time,3252396708
Jena_(No_Inferencing),Check,SwitchSet,5,Batch,64,1,Time,53458205
Jena_(No_Inferencing),Check,SwitchSet,5,Batch,64,1,Matches,0
Sesame_(No_Inferencing),Read,ConnectedSegments,5,Batch,1,1,Time,143724937
Sesame_(No_Inferencing),Check,ConnectedSegments,5,Batch,1,1,Time,152871070
Sesame_(No_Inferencing),Check,ConnectedSegments,5,Batch,1,1,Matches,0
Sesame_(No_Inferencing),Read,ConnectedSegments,1,Batch,64,1,Time,6246894538
Sesame_(No_Inferencing),Check,ConnectedSegments,1,Batch,64,1,Time,6591695297
Sesame_(No_Inferencing),Check,ConnectedSegments,1,Batch,64,1,Matches,0
Sesame_(No_Inferencing),Read,RouteSensor,4,Batch,64,1,Time,3119034721
Sesame_(No_Inferencing),Check,RouteSensor,4,Batch,64,1,Time,133860526
Sesame_(No_Inferencing),Check,RouteSensor,4,Batch,64,1,Matches,0
Jena_(No_Inferencing),Read,ConnectedSegments,5,Batch,1,1,Time,115559960
Jena_(No_Inferencing),Check,ConnectedSegments,5,Batch,1,1,Time,18039124
Jena_(No_Inferencing),Check,ConnectedSegments,5,Batch,1,1,Matches,0
Sesame_(No_Inferencing),Read,SwitchSet,4,Batch,128,1,Time,6748364854
Sesame_(No_Inferencing),Check,SwitchSet,4,Batch,128,1,Time,367930187
Sesame_(No_Inferencing),Check,SwitchSet,4,Batch,128,1,Matches,0
Jena_(No_Inferencing),Read,ConnectedSegments,4,Batch,64,1,Time,3661321884
Jena_(No_Inferencing),Check,ConnectedSegments,4,Batch,64,1,Time,996239211
Jena_(No_Inferencing),Check,ConnectedSegments,4,Batch,64,1,Matches,0
Sesame_(No_Inferencing),Read,SemaphoreNeighbor,5,Batch,32,1,Time,1920870748
Sesame_(No_Inferencing),Check,SemaphoreNeighbor,5,Batch,32,1,Time,3067184541
Sesame_(No_Inferencing),Check,SemaphoreNeighbor,5,Batch,32,1,Matches,0
Jena_(No_Inferencing),Read,ConnectedSegments,4,Batch,32,1,Time,1688623523
Jena_(No_Inferencing),Check,ConnectedSegments,4,Batch,32,1,Time,459634489
Jena_(No_Inferencing),Check,ConnectedSegments,4,Batch,32,1,Matches,0
Sesame_(No_Inferencing),Read,ConnectedSegments,1,Batch,4,1,Time,1183105114
Sesame_(No_Inferencing),Check,ConnectedSegments,1,Batch,4,1,Time,790885985
Sesame_(No_Inferencing),Check,ConnectedSegments,1,Batch,4,1,Matches,0
Sesame_(No_Inferencing),Read,SemaphoreNeighbor,1,Batch,256,1,Time,23127856045
Sesame_(No_Inferencing),Check,SemaphoreNeighbor,1,Batch,256,1,Time,22535942301
Sesame_(No_Inferencing),Check,SemaphoreNeighbor,1,Batch,256,1,Matches,0
Sesame_(No_Inferencing),Read,SemaphoreNeighbor,1,Batch,2,1,Time,617077591
Sesame_(No_Inferencing),Check,SemaphoreNeighbor,1,Batch,2,1,Time,17775786511
Sesame_(No_Inferencing),Check,SemaphoreNeighbor,1,Batch,2,1,Matches,0
Sesame_(No_Inferencing),Read,ConnectedSegments,3,Batch,128,1,Time,6946783946
Sesame_(No_Inferencing),Check,ConnectedSegments,3,Batch,128,1,Time,10807773545
Sesame_(No_Inferencing),Check,ConnectedSegments,3,Batch,128,1,Matches,0
Jena_(No_Inferencing),Read,RouteSensor,5,Batch,8,1,Time,333721514
Jena_(No_Inferencing),Check,RouteSensor,5,Batch,8,1,Time,21651936
Jena_(No_Inferencing),Check,RouteSensor,5,Batch,8,1,Matches,0
Jena_(No_Inferencing),Read,ConnectedSegments,3,Batch,64,1,Time,3953576615
Jena_(No_Inferencing),Check,ConnectedSegments,3,Batch,64,1,Time,1520251552
Jena_(No_Inferencing),Check,ConnectedSegments,3,Batch,64,1,Matches,0
Sesame_(No_Inferencing),Read,RouteSensor,3,Batch,64,1,Time,3313636923
Sesame_(No_Inferencing),Check,RouteSensor,3,Batch,64,1,Time,152149471
Sesame_(No_Inferencing),Check,RouteSensor,3,Batch,64,1,Matches,0
Jena_(No_Inferencing),Read,SwitchSet,5,Batch,128,1,Time,6715528766
Jena_(No_Inferencing),Check,SwitchSet,5,Batch,128,1,Time,66346902
Jena_(No_Inferencing),Check,SwitchSet,5,Batch,128,1,Matches,0
Jena_(No_Inferencing),Read,RouteSensor,3,Batch,8,1,Time,426459029
Jena_(No_Inferencing),Check,RouteSensor,3,Batch,8,1,Time,24578715
Jena_(No_Inferencing),Check,RouteSensor,3,Batch,8,1,Matches,0
Jena_(No_Inferencing),Read,SemaphoreNeighbor,1,Batch,8,1,Time,1221927731
Jena_(No_Inferencing),Check,SemaphoreNeighbor,1,Batch,8,1,Time,479775424
Jena_(No_Inferencing),Check,SemaphoreNeighbor,1,Batch,8,1,Matches,0
Sesame_(No_Inferencing),Read,ConnectedSegments,4,Batch,16,1,Time,876763805
Sesame_(No_Inferencing),Check,ConnectedSegments,4,Batch,16,1,Time,1204415869
Sesame_(No_Inferencing),Check,ConnectedSegments,4,Batch,16,1,Matches,0
Jena_(No_Inferencing),Read,RouteSensor,4,Batch,256,1,Time,17115588424
Jena_(No_Inferencing),Check,RouteSensor,4,Batch,256,1,Time,1014521037
Jena_(No_Inferencing),Check,RouteSensor,4,Batch,256,1,Matches,0
Jena_(No_Inferencing),Read,SwitchSet,2,Batch,64,1,Time,4012341420
Jena_(No_Inferencing),Check,SwitchSet,2,Batch,64,1,Time,38867998
Jena_(No_Inferencing),Check,SwitchSet,2,Batch,64,1,Matches,0
Sesame_(No_Inferencing),Read,SwitchSet,3,Batch,8,1,Time,596197888
Sesame_(No_Inferencing),Check,SwitchSet,3,Batch,8,1,Time,41828093
Sesame_(No_Inferencing),Check,SwitchSet,3,Batch,8,1,Matches,0
Sesame_(No_Inferencing),Read,RouteSensor,5,Batch,16,1,Time,860725665
Sesame_(No_Inferencing),Check,RouteSensor,5,Batch,16,1,Time,48617904
Sesame_(No_Inferencing),Check,RouteSensor,5,Batch,16,1,Matches,0
Sesame_(No_Inferencing),Read,SwitchSet,3,Batch,256,1,Time,16714038726
Sesame_(No_Inferencing),Check,SwitchSet,3,Batch,256,1,Time,837093833
Sesame_(No_Inferencing),Check,SwitchSet,3,Batch,256,1,Matches,0
Jena_(No_Inferencing),Read,RouteSensor,5,Batch,256,1,Time,19593560677
Jena_(No_Inferencing),Check,RouteSensor,5,Batch,256,1,Time,754515884
Jena_(No_Inferencing),Check,RouteSensor,5,Batch,256,1,Matches,0
Jena_(No_Inferencing),Read,ConnectedSegments,2,Batch,256,1,Time,20891443879
Jena_(No_Inferencing),Check,ConnectedSegments,2,Batch,256,1,Time,4036119339
Jena_(No_Inferencing),Check,ConnectedSegments,2,Batch,256,1,Matches,0
Jena_(No_Inferencing),Read,SemaphoreNeighbor,4,Batch,4,1,Time,309162372
Jena_(No_Inferencing),Check,SemaphoreNeighbor,4,Batch,4,1,Time,53967121
Jena_(No_Inferencing),Check,SemaphoreNeighbor,4,Batch,4,1,Matches,0
Jena_(No_Inferencing),Read,SemaphoreNeighbor,1,Batch,4,1,Time,850023726
Jena_(No_Inferencing),Check,SemaphoreNeighbor,1,Batch,4,1,Time,386081941
Jena_(No_Inferencing),Check,SemaphoreNeighbor,1,Batch,4,1,Matches,0
Sesame_(No_Inferencing),Read,SwitchSet,4,Batch,4,1,Time,248794509
Sesame_(No_Inferencing),Check,SwitchSet,4,Batch,4,1,Time,14343035
Sesame_(No_Inferencing),Check,SwitchSet,4,Batch,4,1,Matches,0
Jena_(No_Inferencing),Read,RouteSensor,3,Batch,1,1,Time,164209674
Jena_(No_Inferencing),Check,RouteSensor,3,Batch,1,1,Time,18552612
Jena_(No_Inferencing),Check,RouteSensor,3,Batch,1,1,Matches,0
Sesame_(No_Inferencing),Read,ConnectedSegments,1,Batch,32,1,Time,3716504438
Sesame_(No_Inferencing),Check,ConnectedSegments,1,Batch,32,1,Time,3793115752
Sesame_(No_Inferencing),Check,ConnectedSegments,1,Batch,32,1,Matches,0
Sesame_(No_Inferencing),Read,SwitchSet,3,Batch,4,1,Time,288286919
Sesame_(No_Inferencing),Check,SwitchSet,3,Batch,4,1,Time,15752707
Sesame_(No_Inferencing),Check,SwitchSet,3,Batch,4,1,Matches,0
Jena_(No_Inferencing),Read,SemaphoreNeighbor,2,Batch,8,1,Time,893276486
Jena_(No_Inferencing),Check,SemaphoreNeighbor,2,Batch,8,1,Time,160038417
Jena_(No_Inferencing),Check,SemaphoreNeighbor,2,Batch,8,1,Matches,0
Sesame_(No_Inferencing),Read,SemaphoreNeighbor,2,Batch,16,1,Time,1055799221
Sesame_(No_Inferencing),Check,SemaphoreNeighbor,2,Batch,16,1,Time,1357812598
Sesame_(No_Inferencing),Check,SemaphoreNeighbor,2,Batch,16,1,Matches,0
Sesame_(No_Inferencing),Read,SwitchSet,5,Batch,128,1,Time,10066572804
Sesame_(No_Inferencing),Check,SwitchSet,5,Batch,128,1,Time,203651084
Sesame_(No_Inferencing),Check,SwitchSet,5,Batch,128,1,Matches,0
Jena_(No_Inferencing),Read,SwitchSet,4,Batch,256,1,Time,14408315428
Jena_(No_Inferencing),Check,SwitchSet,4,Batch,256,1,Time,107084854
Jena_(No_Inferencing),Check,SwitchSet,4,Batch,256,1,Matches,0
Sesame_(No_Inferencing),Read,SwitchSet,3,Batch,128,1,Time,7223729067
Sesame_(No_Inferencing),Check,SwitchSet,3,Batch,128,1,Time,215364974
Sesame_(No_Inferencing),Check,SwitchSet,3,Batch,128,1,Matches,0
Jena_(No_Inferencing),Read,ConnectedSegments,1,Batch,1,1,Time,611572217
Jena_(No_Inferencing),Check,ConnectedSegments,1,Batch,1,1,Time,422793015
Jena_(No_Inferencing),Check,ConnectedSegments,1,Batch,1,1,Matches,0
Sesame_(No_Inferencing),Read,ConnectedSegments,3,Batch,4,1,Time,320405903
Sesame_(No_Inferencing),Check,ConnectedSegments,3,Batch,4,1,Time,271674171
Sesame_(No_Inferencing),Check,ConnectedSegments,3,Batch,4,1,Matches,0
Sesame_(No_Inferencing),Read,SemaphoreNeighbor,1,Batch,8,1,Time,1573778973
Sesame_(No_Inferencing),Check,SemaphoreNeighbor,1,Batch,8,1,Time,405104896457
Sesame_(No_Inferencing),Check,SemaphoreNeighbor,1,Batch,8,1,Matches,0
Sesame_(No_Inferencing),Read,ConnectedSegments,1,Batch,256,1,Time,19776950109
Sesame_(No_Inferencing),Check,ConnectedSegments,1,Batch,256,1,Time,19550774101
Sesame_(No_Inferencing),Check,ConnectedSegments,1,Batch,256,1,Matches,0
Sesame_(No_Inferencing),Read,RouteSensor,5,Batch,4,1,Time,268940751
Sesame_(No_Inferencing),Check,RouteSensor,5,Batch,4,1,Time,13273625
Sesame_(No_Inferencing),Check,RouteSensor,5,Batch,4,1,Matches,0
Sesame_(No_Inferencing),Read,RouteSensor,5,Batch,256,1,Time,18172091703
Sesame_(No_Inferencing),Check,RouteSensor,5,Batch,256,1,Time,757089565
Sesame_(No_Inferencing),Check,RouteSensor,5,Batch,256,1,Matches,0
Jena_(No_Inferencing),Read,SwitchSet,5,Batch,8,1,Time,538420735
Jena_(No_Inferencing),Check,SwitchSet,5,Batch,8,1,Time,7023499
Jena_(No_Inferencing),Check,SwitchSet,5,Batch,8,1,Matches,0
Jena_(No_Inferencing),Read,SwitchSet,1,Batch,2,1,Time,631992171
Jena_(No_Inferencing),Check,SwitchSet,1,Batch,2,1,Time,387695179
Jena_(No_Inferencing),Check,SwitchSet,1,Batch,2,1,Matches,0
Sesame_(No_Inferencing),Read,SwitchSet,1,Batch,8,1,Time,2534230546
Sesame_(No_Inferencing),Check,SwitchSet,1,Batch,8,1,Time,369432280
Sesame_(No_Inferencing),Check,SwitchSet,1,Batch,8,1,Matches,0
Jena_(No_Inferencing),Read,ConnectedSegments,3,Batch,128,1,Time,7157979734
Jena_(No_Inferencing),Check,ConnectedSegments,3,Batch,128,1,Time,2559419339
Jena_(No_Inferencing),Check,ConnectedSegments,3,Batch,128,1,Matches,0
Sesame_(No_Inferencing),Read,RouteSensor,3,Batch,16,1,Time,877518141
Sesame_(No_Inferencing),Check,RouteSensor,3,Batch,16,1,Time,81970532
Sesame_(No_Inferencing),Check,RouteSensor,3,Batch,16,1,Matches,0
Jena_(No_Inferencing),Read,RouteSensor,5,Batch,32,1,Time,1857891416
Jena_(No_Inferencing),Check,RouteSensor,5,Batch,32,1,Time,55915089
Jena_(No_Inferencing),Check,RouteSensor,5,Batch,32,1,Matches,0
Jena_(No_Inferencing),Read,SwitchSet,1,Batch,64,1,Time,5452607558
Jena_(No_Inferencing),Check,SwitchSet,1,Batch,64,1,Time,550046084
Jena_(No_Inferencing),Check,SwitchSet,1,Batch,64,1,Matches,0
Sesame_(No_Inferencing),Read,SemaphoreNeighbor,3,Batch,1,1,Time,50901569
Sesame_(No_Inferencing),Check,SemaphoreNeighbor,3,Batch,1,1,Time,4681595558
Sesame_(No_Inferencing),Check,SemaphoreNeighbor,3,Batch,1,1,Matches,0
Jena_(No_Inferencing),Read,RouteSensor,4,Batch,64,1,Time,3892266401
Jena_(No_Inferencing),Check,RouteSensor,4,Batch,64,1,Time,332474722
Jena_(No_Inferencing),Check,RouteSensor,4,Batch,64,1,Matches,0
Sesame_(No_Inferencing),Read,SemaphoreNeighbor,2,Batch,1,1,Time,158577778
Sesame_(No_Inferencing),Check,SemaphoreNeighbor,2,Batch,1,1,Time,4390802467
Sesame_(No_Inferencing),Check,SemaphoreNeighbor,2,Batch,1,1,Matches,0
Jena_(No_Inferencing),Read,SwitchSet,4,Batch,4,1,Time,285585511
Jena_(No_Inferencing),Check,SwitchSet,4,Batch,4,1,Time,6126648
Jena_(No_Inferencing),Check,SwitchSet,4,Batch,4,1,Matches,0
Sesame_(No_Inferencing),Read,SwitchSet,2,Batch,256,1,Time,15902566234
Sesame_(No_Inferencing),Check,SwitchSet,2,Batch,256,1,Time,812652652
Sesame_(No_Inferencing),Check,SwitchSet,2,Batch,256,1,Matches,0
Sesame_(No_Inferencing),Read,RouteSensor,4,Batch,1,1,Time,72939320
Sesame_(No_Inferencing),Check,RouteSensor,4,Batch,1,1,Time,8665863
Sesame_(No_Inferencing),Check,RouteSensor,4,Batch,1,1,Matches,0
Sesame_(No_Inferencing),Read,SemaphoreNeighbor,4,Batch,128,1,Time,7075977991
Sesame_(No_Inferencing),Check,SemaphoreNeighbor,4,Batch,128,1,Time,10587962499
Sesame_(No_Inferencing),Check,SemaphoreNeighbor,4,Batch,128,1,Matches,0
Sesame_(No_Inferencing),Read,SwitchSet,3,Batch,64,1,Time,4480639795
Sesame_(No_Inferencing),Check,SwitchSet,3,Batch,64,1,Time,185382725
Sesame_(No_Inferencing),Check,SwitchSet,3,Batch,64,1,Matches,0
Sesame_(No_Inferencing),Read,ConnectedSegments,2,Batch,1,1,Time,169064215
Sesame_(No_Inferencing),Check,ConnectedSegments,2,Batch,1,1,Time,180742391
Sesame_(No_Inferencing),Check,ConnectedSegments,2,Batch,1,1,Matches,0
Sesame_(No_Inferencing),Read,SemaphoreNeighbor,5,Batch,16,1,Time,855464218
Sesame_(No_Inferencing),Check,SemaphoreNeighbor,5,Batch,16,1,Time,1452297709
Sesame_(No_Inferencing),Check,SemaphoreNeighbor,5,Batch,16,1,Matches,0
Jena_(No_Inferencing),Read,RouteSensor,4,Batch,16,1,Time,666153050
Jena_(No_Inferencing),Check,RouteSensor,4,Batch,16,1,Time,33768607
Jena_(No_Inferencing),Check,RouteSensor,4,Batch,16,1,Matches,0
Jena_(No_Inferencing),Read,SemaphoreNeighbor,3,Batch,1,1,Time,109382915
Jena_(No_Inferencing),Check,SemaphoreNeighbor,3,Batch,1,1,Time,15931191
Jena_(No_Inferencing),Check,SemaphoreNeighbor,3,Batch,1,1,Matches,0
Sesame_(No_Inferencing),Read,ConnectedSegments,4,Batch,128,1,Time,6527653433
Sesame_(No_Inferencing),Check,ConnectedSegments,4,Batch,128,1,Time,8919721110
Sesame_(No_Inferencing),Check,ConnectedSegments,4,Batch,128,1,Matches,0
Jena_(No_Inferencing),Read,ConnectedSegments,3,Batch,32,1,Time,1497736081
Jena_(No_Inferencing),Check,ConnectedSegments,3,Batch,32,1,Time,571212224
Jena_(No_Inferencing),Check,ConnectedSegments,3,Batch,32,1,Matches,0
Jena_(No_Inferencing),Read,RouteSensor,3,Batch,32,1,Time,2303762775
Jena_(No_Inferencing),Check,RouteSensor,3,Batch,32,1,Time,115213736
Jena_(No_Inferencing),Check,RouteSensor,3,Batch,32,1,Matches,0
Jena_(No_Inferencing),Read,SwitchSet,5,Batch,4,1,Time,401753028
Jena_(No_Inferencing),Check,SwitchSet,5,Batch,4,1,Time,17594695
Jena_(No_Inferencing),Check,SwitchSet,5,Batch,4,1,Matches,0
Jena_(No_Inferencing),Read,SemaphoreNeighbor,5,Batch,16,1,Time,953346552
Jena_(No_Inferencing),Check,SemaphoreNeighbor,5,Batch,16,1,Time,171146213
Jena_(No_Inferencing),Check,SemaphoreNeighbor,5,Batch,16,1,Matches,0
Sesame_(No_Inferencing),Read,SemaphoreNeighbor,2,Batch,4,1,Time,360811711
Sesame_(No_Inferencing),Check,SemaphoreNeighbor,2,Batch,4,1,Time,99438179154
Sesame_(No_Inferencing),Check,SemaphoreNeighbor,2,Batch,4,1,Matches,0
Sesame_(No_Inferencing),Read,ConnectedSegments,3,Batch,16,1,Time,938822313
Sesame_(No_Inferencing),Check,ConnectedSegments,3,Batch,16,1,Time,1323660276
Sesame_(No_Inferencing),Check,ConnectedSegments,3,Batch,16,1,Matches,0
Jena_(No_Inferencing),Read,SwitchSet,2,Batch,8,1,Time,758922440
Jena_(No_Inferencing),Check,SwitchSet,2,Batch,8,1,Time,11443042
Jena_(No_Inferencing),Check,SwitchSet,2,Batch,8,1,Matches,0
Sesame_(No_Inferencing),Read,SwitchSet,5,Batch,256,1,Time,19495434562
Sesame_(No_Inferencing),Check,SwitchSet,5,Batch,256,1,Time,627457213
Sesame_(No_Inferencing),Check,SwitchSet,5,Batch,256,1,Matches,0
Jena_(No_Inferencing),Read,RouteSensor,1,Batch,32,1,Time,3428034083
Jena_(No_Inferencing),Check,RouteSensor,1,Batch,32,1,Time,587269371
Jena_(No_Inferencing),Check,RouteSensor,1,Batch,32,1,Matches,0
Jena_(No_Inferencing),Read,SemaphoreNeighbor,4,Batch,32,1,Time,2219424264
Jena_(No_Inferencing),Check,SemaphoreNeighbor,4,Batch,32,1,Time,286548912
Jena_(No_Inferencing),Check,SemaphoreNeighbor,4,Batch,32,1,Matches,0
Jena_(No_Inferencing),Read,SwitchSet,2,Batch,32,1,Time,1889598802
Jena_(No_Inferencing),Check,SwitchSet,2,Batch,32,1,Time,39485151
Jena_(No_Inferencing),Check,SwitchSet,2,Batch,32,1,Matches,0
Sesame_(No_Inferencing),Read,SwitchSet,1,Batch,1,1,Time,598766505
Sesame_(No_Inferencing),Check,SwitchSet,1,Batch,1,1,Time,285670641
Sesame_(No_Inferencing),Check,SwitchSet,1,Batch,1,1,Matches,0
Jena_(No_Inferencing),Read,SwitchSet,4,Batch,2,1,Time,167012547
Jena_(No_Inferencing),Check,SwitchSet,4,Batch,2,1,Time,11622808
Jena_(No_Inferencing),Check,SwitchSet,4,Batch,2,1,Matches,0
Jena_(No_Inferencing),Read,SwitchSet,2,Batch,1,1,Time,227325863
Jena_(No_Inferencing),Check,SwitchSet,2,Batch,1,1,Time,9378928
Jena_(No_Inferencing),Check,SwitchSet,2,Batch,1,1,Matches,0
Sesame_(No_Inferencing),Read,SwitchSet,3,Batch,2,1,Time,267908050
Sesame_(No_Inferencing),Check,SwitchSet,3,Batch,2,1,Time,26728873
Sesame_(No_Inferencing),Check,SwitchSet,3,Batch,2,1,Matches,0
Jena_(No_Inferencing),Read,ConnectedSegments,4,Batch,4,1,Time,274953490
Jena_(No_Inferencing),Check,ConnectedSegments,4,Batch,4,1,Time,94897660
Jena_(No_Inferencing),Check,ConnectedSegments,4,Batch,4,1,Matches,0
Jena_(No_Inferencing),Read,ConnectedSegments,2,Batch,128,1,Time,7164209386
Jena_(No_Inferencing),Check,ConnectedSegments,2,Batch,128,1,Time,1842220497
Jena_(No_Inferencing),Check,ConnectedSegments,2,Batch,128,1,Matches,0
Jena_(No_Inferencing),Read,SemaphoreNeighbor,3,Batch,8,1,Time,570567981
Jena_(No_Inferencing),Check,SemaphoreNeighbor,3,Batch,8,1,Time,171876634
Jena_(No_Inferencing),Check,SemaphoreNeighbor,3,Batch,8,1,Matches,0
Jena_(No_Inferencing),Read,RouteSensor,3,Batch,256,1,Time,13836562813
Jena_(No_Inferencing),Check,RouteSensor,3,Batch,256,1,Time,843664612
Jena_(No_Inferencing),Check,RouteSensor,3,Batch,256,1,Matches,0
Sesame_(No_Inferencing),Read,RouteSensor,1,Batch,16,1,Time,2337476065
Sesame_(No_Inferencing),Check,RouteSensor,1,Batch,16,1,Time,296258206
Sesame_(No_Inferencing),Check,RouteSensor,1,Batch,16,1,Matches,0
Sesame_(No_Inferencing),Read,RouteSensor,4,Batch,2,1,Time,114722044
Sesame_(No_Inferencing),Check,RouteSensor,4,Batch,2,1,Time,8801349
Sesame_(No_Inferencing),Check,RouteSensor,4,Batch,2,1,Matches,0
Sesame_(No_Inferencing),Read,SemaphoreNeighbor,3,Batch,128,1,Time,7901830872
Sesame_(No_Inferencing),Check,SemaphoreNeighbor,3,Batch,128,1,Time,11155205400
Sesame_(No_Inferencing),Check,SemaphoreNeighbor,3,Batch,128,1,Matches,0
Jena_(No_Inferencing),Read,SemaphoreNeighbor,4,Batch,8,1,Time,492377406
Jena_(No_Inferencing),Check,SemaphoreNeighbor,4,Batch,8,1,Time,87401641
Jena_(No_Inferencing),Check,SemaphoreNeighbor,4,Batch,8,1,Matches,0
Jena_(No_Inferencing),Read,SemaphoreNeighbor,4,Batch,64,1,Time,4124880533
Jena_(No_Inferencing),Check,SemaphoreNeighbor,4,Batch,64,1,Time,699360403
Jena_(No_Inferencing),Check,SemaphoreNeighbor,4,Batch,64,1,Matches,0
Sesame_(No_Inferencing),Read,RouteSensor,3,Batch,4,1,Time,248918010
Sesame_(No_Inferencing),Check,RouteSensor,3,Batch,4,1,Time,14721172
Sesame_(No_Inferencing),Check,RouteSensor,3,Batch,4,1,Matches,0
Sesame_(No_Inferencing),Read,SwitchSet,5,Batch,16,1,Time,944185251
Sesame_(No_Inferencing),Check,SwitchSet,5,Batch,16,1,Time,104132996
Sesame_(No_Inferencing),Check,SwitchSet,5,Batch,16,1,Matches,0
Sesame_(No_Inferencing),Read,RouteSensor,2,Batch,2,1,Time,156226939
Sesame_(No_Inferencing),Check,RouteSensor,2,Batch,2,1,Time,14073642
Sesame_(No_Inferencing),Check,RouteSensor,2,Batch,2,1,Matches,0
Jena_(No_Inferencing),Read,SwitchSet,1,Batch,4,1,Time,1037637880
Jena_(No_Inferencing),Check,SwitchSet,1,Batch,4,1,Time,409999386
Jena_(No_Inferencing),Check,SwitchSet,1,Batch,4,1,Matches,0
Jena_(No_Inferencing),Read,SwitchSet,1,Batch,128,1,Time,7853710033
Jena_(No_Inferencing),Check,SwitchSet,1,Batch,128,1,Time,748729185
Jena_(No_Inferencing),Check,SwitchSet,1,Batch,128,1,Matches,0
Jena_(No_Inferencing),Read,SemaphoreNeighbor,5,Batch,1,1,Time,91188731
Jena_(No_Inferencing),Check,SemaphoreNeighbor,5,Batch,1,1,Time,13893748
Jena_(No_Inferencing),Check,SemaphoreNeighbor,5,Batch,1,1,Matches,0
Jena_(No_Inferencing),Read,SemaphoreNeighbor,2,Batch,16,1,Time,1053026011
Jena_(No_Inferencing),Check,SemaphoreNeighbor,2,Batch,16,1,Time,297690356
Jena_(No_Inferencing),Check,SemaphoreNeighbor,2,Batch,16,1,Matches,0
Jena_(No_Inferencing),Read,ConnectedSegments,2,Batch,16,1,Time,1453814067
Jena_(No_Inferencing),Check,ConnectedSegments,2,Batch,16,1,Time,206783572
Jena_(No_Inferencing),Check,ConnectedSegments,2,Batch,16,1,Matches,0
Jena_(No_Inferencing),Read,SemaphoreNeighbor,1,Batch,16,1,Time,1933000152
Jena_(No_Inferencing),Check,SemaphoreNeighbor,1,Batch,16,1,Time,706186167
Jena_(No_Inferencing),Check,SemaphoreNeighbor,1,Batch,16,1,Matches,0
Jena_(No_Inferencing),Read,SemaphoreNeighbor,2,Batch,128,1,Time,7246613518
Jena_(No_Inferencing),Check,SemaphoreNeighbor,2,Batch,128,1,Time,950884277
Jena_(No_Inferencing),Check,SemaphoreNeighbor,2,Batch,128,1,Matches,0
Sesame_(No_Inferencing),Read,SemaphoreNeighbor,4,Batch,1,1,Time,49717787
Sesame_(No_Inferencing),Check,SemaphoreNeighbor,4,Batch,1,1,Time,5060253964
Sesame_(No_Inferencing),Check,SemaphoreNeighbor,4,Batch,1,1,Matches,0
Sesame_(No_Inferencing),Read,RouteSensor,3,Batch,2,1,Time,132725194
Sesame_(No_Inferencing),Check,RouteSensor,3,Batch,2,1,Time,13884641
Sesame_(No_Inferencing),Check,RouteSensor,3,Batch,2,1,Matches,0
Sesame_(No_Inferencing),Read,SemaphoreNeighbor,1,Batch,128,1,Time,12796987003
Sesame_(No_Inferencing),Check,SemaphoreNeighbor,1,Batch,128,1,Time,13157520556
Sesame_(No_Inferencing),Check,SemaphoreNeighbor,1,Batch,128,1,Matches,0
Sesame_(No_Inferencing),Read,SemaphoreNeighbor,1,Batch,64,1,Time,7049096023
Sesame_(No_Inferencing),Check,SemaphoreNeighbor,1,Batch,64,1,Time,7474398277
Sesame_(No_Inferencing),Check,SemaphoreNeighbor,1,Batch,64,1,Matches,0
Sesame_(No_Inferencing),Read,RouteSensor,3,Batch,128,1,Time,6339535998
Sesame_(No_Inferencing),Check,RouteSensor,3,Batch,128,1,Time,395469477
Sesame_(No_Inferencing),Check,RouteSensor,3,Batch,128,1,Matches,0
Jena_(No_Inferencing),Read,SemaphoreNeighbor,3,Batch,256,1,Time,14591048814
Jena_(No_Inferencing),Check,SemaphoreNeighbor,3,Batch,256,1,Time,5607260104
Jena_(No_Inferencing),Check,SemaphoreNeighbor,3,Batch,256,1,Matches,0
Jena_(No_Inferencing),Read,ConnectedSegments,3,Batch,2,1,Time,267917911
Jena_(No_Inferencing),Check,ConnectedSegments,3,Batch,2,1,Time,40566401
Jena_(No_Inferencing),Check,ConnectedSegments,3,Batch,2,1,Matches,0
Jena_(No_Inferencing),Read,RouteSensor,4,Batch,32,1,Time,2011630046
Jena_(No_Inferencing),Check,RouteSensor,4,Batch,32,1,Time,56780759
Jena_(No_Inferencing),Check,RouteSensor,4,Batch,32,1,Matches,0
Sesame_(No_Inferencing),Read,RouteSensor,1,Batch,4,1,Time,879879692
Sesame_(No_Inferencing),Check,RouteSensor,1,Batch,4,1,Time,236527382
Sesame_(No_Inferencing),Check,RouteSensor,1,Batch,4,1,Matches,0
Sesame_(No_Inferencing),Read,RouteSensor,5,Batch,64,1,Time,2980355657
Sesame_(No_Inferencing),Check,RouteSensor,5,Batch,64,1,Time,96015738
Sesame_(No_Inferencing),Check,RouteSensor,5,Batch,64,1,Matches,0
Sesame_(No_Inferencing),Read,ConnectedSegments,4,Batch,2,1,Time,112463919
Sesame_(No_Inferencing),Check,ConnectedSegments,4,Batch,2,1,Time,165255448
Sesame_(No_Inferencing),Check,ConnectedSegments,4,Batch,2,1,Matches,0
Jena_(No_Inferencing),Read,ConnectedSegments,5,Batch,256,1,Time,15763870289
Jena_(No_Inferencing),Check,ConnectedSegments,5,Batch,256,1,Time,6707492376
Jena_(No_Inferencing),Check,ConnectedSegments,5,Batch,256,1,Matches,0
Sesame_(No_Inferencing),Read,SemaphoreNeighbor,1,Batch,32,1,Time,3850679290
Sesame_(No_Inferencing),Check,SemaphoreNeighbor,1,Batch,32,1,Time,3944131529
Sesame_(No_Inferencing),Check,SemaphoreNeighbor,1,Batch,32,1,Matches,0
Jena_(No_Inferencing),Read,ConnectedSegments,2,Batch,2,1,Time,311896616
Jena_(No_Inferencing),Check,ConnectedSegments,2,Batch,2,1,Time,39625686
Jena_(No_Inferencing),Check,ConnectedSegments,2,Batch,2,1,Matches,0
Sesame_(No_Inferencing),Read,ConnectedSegments,5,Batch,2,1,Time,125968695
Sesame_(No_Inferencing),Check,ConnectedSegments,5,Batch,2,1,Time,155087057
Sesame_(No_Inferencing),Check,ConnectedSegments,5,Batch,2,1,Matches,0
Sesame_(No_Inferencing),Read,SwitchSet,5,Batch,8,1,Time,361895113
Sesame_(No_Inferencing),Check,SwitchSet,5,Batch,8,1,Time,39422495
Sesame_(No_Inferencing),Check,SwitchSet,5,Batch,8,1,Matches,0
Jena_(No_Inferencing),Read,ConnectedSegments,2,Batch,8,1,Time,881516547
Jena_(No_Inferencing),Check,ConnectedSegments,2,Batch,8,1,Time,231017512
Jena_(No_Inferencing),Check,ConnectedSegments,2,Batch,8,1,Matches,0
Jena_(No_Inferencing),Read,SwitchSet,3,Batch,32,1,Time,2385097350
Jena_(No_Inferencing),Check,SwitchSet,3,Batch,32,1,Time,41342802
Jena_(No_Inferencing),Check,SwitchSet,3,Batch,32,1,Matches,0
Jena_(No_Inferencing),Read,RouteSensor,2,Batch,4,1,Time,668538345
Jena_(No_Inferencing),Check,RouteSensor,2,Batch,4,1,Time,85366748
Jena_(No_Inferencing),Check,RouteSensor,2,Batch,4,1,Matches,0
Sesame_(No_Inferencing),Read,SwitchSet,4,Batch,32,1,Time,1851529017
Sesame_(No_Inferencing),Check,SwitchSet,4,Batch,32,1,Time,76349097
Sesame_(No_Inferencing),Check,SwitchSet,4,Batch,32,1,Matches,0
Sesame_(No_Inferencing),Read,ConnectedSegments,4,Batch,4,1,Time,207733916
Sesame_(No_Inferencing),Check,ConnectedSegments,4,Batch,4,1,Time,318879907
Sesame_(No_Inferencing),Check,ConnectedSegments,4,Batch,4,1,Matches,0
Jena_(No_Inferencing),Read,ConnectedSegments,5,Batch,16,1,Time,655634839
Jena_(No_Inferencing),Check,ConnectedSegments,5,Batch,16,1,Time,351709939
Jena_(No_Inferencing),Check,ConnectedSegments,5,Batch,16,1,Matches,0
Sesame_(No_Inferencing),Read,RouteSensor,3,Batch,1,1,Time,106363259
Sesame_(No_Inferencing),Check,RouteSensor,3,Batch,1,1,Time,24218046
Sesame_(No_Inferencing),Check,RouteSensor,3,Batch,1,1,Matches,0
Jena_(No_Inferencing),Read,SwitchSet,3,Batch,8,1,Time,531926717
Jena_(No_Inferencing),Check,SwitchSet,3,Batch,8,1,Time,9705660
Jena_(No_Inferencing),Check,SwitchSet,3,Batch,8,1,Matches,0
Sesame_(No_Inferencing),Read,RouteSensor,5,Batch,1,1,Time,74720106
Sesame_(No_Inferencing),Check,RouteSensor,5,Batch,1,1,Time,10275951
Sesame_(No_Inferencing),Check,RouteSensor,5,Batch,1,1,Matches,0
Jena_(No_Inferencing),Read,SemaphoreNeighbor,4,Batch,128,1,Time,8124305654
Jena_(No_Inferencing),Check,SemaphoreNeighbor,4,Batch,128,1,Time,878285487
Jena_(No_Inferencing),Check,SemaphoreNeighbor,4,Batch,128,1,Matches,0
Sesame_(No_Inferencing),Read,SemaphoreNeighbor,2,Batch,256,1,Time,16716926107
Sesame_(No_Inferencing),Check,SemaphoreNeighbor,2,Batch,256,1,Time,22010291261
Sesame_(No_Inferencing),Check,SemaphoreNeighbor,2,Batch,256,1,Matches,0
Jena_(No_Inferencing),Read,SwitchSet,4,Batch,1,1,Time,131964813
Jena_(No_Inferencing),Check,SwitchSet,4,Batch,1,1,Time,11208691
Jena_(No_Inferencing),Check,SwitchSet,4,Batch,1,1,Matches,0
Jena_(No_Inferencing),Read,ConnectedSegments,1,Batch,128,1,Time,9192704694
Jena_(No_Inferencing),Check,ConnectedSegments,1,Batch,128,1,Time,2841480650
Jena_(No_Inferencing),Check,ConnectedSegments,1,Batch,128,1,Matches,0
Jena_(No_Inferencing),Read,ConnectedSegments,1,Batch,2,1,Time,656926431
Jena_(No_Inferencing),Check,ConnectedSegments,1,Batch,2,1,Time,380375532
Jena_(No_Inferencing),Check,ConnectedSegments,1,Batch,2,1,Matches,0
Sesame_(No_Inferencing),Read,RouteSensor,3,Batch,32,1,Time,1746286123
Sesame_(No_Inferencing),Check,RouteSensor,3,Batch,32,1,Time,134929277
Sesame_(No_Inferencing),Check,RouteSensor,3,Batch,32,1,Matches,0
Jena_(No_Inferencing),Read,ConnectedSegments,1,Batch,256,1,Time,17384444509
Jena_(No_Inferencing),Check,ConnectedSegments,1,Batch,256,1,Time,4484691428
Jena_(No_Inferencing),Check,ConnectedSegments,1,Batch,256,1,Matches,0
Sesame_(No_Inferencing),Read,RouteSensor,4,Batch,4,1,Time,286885208
Sesame_(No_Inferencing),Check,RouteSensor,4,Batch,4,1,Time,13671373
Sesame_(No_Inferencing),Check,RouteSensor,4,Batch,4,1,Matches,0
Jena_(No_Inferencing),Read,SwitchSet,1,Batch,16,1,Time,2484090442
Jena_(No_Inferencing),Check,SwitchSet,1,Batch,16,1,Time,442692311
Jena_(No_Inferencing),Check,SwitchSet,1,Batch,16,1,Matches,0
Sesame_(No_Inferencing),Read,SemaphoreNeighbor,3,Batch,16,1,Time,956520140
Sesame_(No_Inferencing),Check,SemaphoreNeighbor,3,Batch,16,1,Time,1683254560
Sesame_(No_Inferencing),Check,SemaphoreNeighbor,3,Batch,16,1,Matches,0
Sesame_(No_Inferencing),Read,SemaphoreNeighbor,3,Batch,64,1,Time,3803369752
Sesame_(No_Inferencing),Check,SemaphoreNeighbor,3,Batch,64,1,Time,5797549126
Sesame_(No_Inferencing),Check,SemaphoreNeighbor,3,Batch,64,1,Matches,0
Sesame_(No_Inferencing),Read,ConnectedSegments,5,Batch,8,1,Time,456126466
Sesame_(No_Inferencing),Check,ConnectedSegments,5,Batch,8,1,Time,661828326
Sesame_(No_Inferencing),Check,ConnectedSegments,5,Batch,8,1,Matches,0
Sesame_(No_Inferencing),Read,RouteSensor,4,Batch,8,1,Time,499036759
Sesame_(No_Inferencing),Check,RouteSensor,4,Batch,8,1,Time,31516786
Sesame_(No_Inferencing),Check,RouteSensor,4,Batch,8,1,Matches,0
Jena_(No_Inferencing),Read,RouteSensor,2,Batch,64,1,Time,4356545745
Jena_(No_Inferencing),Check,RouteSensor,2,Batch,64,1,Time,144171546
Jena_(No_Inferencing),Check,RouteSensor,2,Batch,64,1,Matches,0
Sesame_(No_Inferencing),Read,RouteSensor,2,Batch,4,1,Time,386516594
Sesame_(No_Inferencing),Check,RouteSensor,2,Batch,4,1,Time,33353531
Sesame_(No_Inferencing),Check,RouteSensor,2,Batch,4,1,Matches,0
Jena_(No_Inferencing),Read,ConnectedSegments,5,Batch,32,1,Time,1554775338
Jena_(No_Inferencing),Check,ConnectedSegments,5,Batch,32,1,Time,422225652
Jena_(No_Inferencing),Check,ConnectedSegments,5,Batch,32,1,Matches,0
Jena_(No_Inferencing),Read,SemaphoreNeighbor,1,Batch,64,1,Time,5310059079
Jena_(No_Inferencing),Check,SemaphoreNeighbor,1,Batch,64,1,Time,1413137575
Jena_(No_Inferencing),Check,SemaphoreNeighbor,1,Batch,64,1,Matches,0
Jena_(No_Inferencing),Read,RouteSensor,5,Batch,1,1,Time,137901672
Jena_(No_Inferencing),Check,RouteSensor,5,Batch,1,1,Time,27566432
Jena_(No_Inferencing),Check,RouteSensor,5,Batch,1,1,Matches,0
Sesame_(No_Inferencing),Read,SemaphoreNeighbor,3,Batch,2,1,Time,119453346
Sesame_(No_Inferencing),Check,SemaphoreNeighbor,3,Batch,2,1,Time,15073040677
Sesame_(No_Inferencing),Check,SemaphoreNeighbor,3,Batch,2,1,Matches,0
Jena_(No_Inferencing),Read,ConnectedSegments,1,Batch,16,1,Time,2157200186
Jena_(No_Inferencing),Check,ConnectedSegments,1,Batch,16,1,Time,871582376
Jena_(No_Inferencing),Check,ConnectedSegments,1,Batch,16,1,Matches,0
Sesame_(No_Inferencing),Read,ConnectedSegments,1,Batch,16,1,Time,1813302597
Sesame_(No_Inferencing),Check,ConnectedSegments,1,Batch,16,1,Time,2529485766
Sesame_(No_Inferencing),Check,ConnectedSegments,1,Batch,16,1,Matches,0
Sesame_(No_Inferencing),Read,RouteSensor,2,Batch,64,1,Time,3589797021
Sesame_(No_Inferencing),Check,RouteSensor,2,Batch,64,1,Time,179164151
Sesame_(No_Inferencing),Check,RouteSensor,2,Batch,64,1,Matches,0
Sesame_(No_Inferencing),Read,ConnectedSegments,4,Batch,8,1,Time,484415709
Sesame_(No_Inferencing),Check,ConnectedSegments,4,Batch,8,1,Time,657028847
Sesame_(No_Inferencing),Check,ConnectedSegments,4,Batch,8,1,Matches,0
Sesame_(No_Inferencing),Read,SwitchSet,4,Batch,8,1,Time,513857653
Sesame_(No_Inferencing),Check,SwitchSet,4,Batch,8,1,Time,35707205
Sesame_(No_Inferencing),Check,SwitchSet,4,Batch,8,1,Matches,0
Sesame_(No_Inferencing),Read,SemaphoreNeighbor,3,Batch,4,1,Time,160620978
Sesame_(No_Inferencing),Check,SemaphoreNeighbor,3,Batch,4,1,Time,99398554165
Sesame_(No_Inferencing),Check,SemaphoreNeighbor,3,Batch,4,1,Matches,0
Jena_(No_Inferencing),Read,RouteSensor,4,Batch,1,1,Time,161067968
Jena_(No_Inferencing),Check,RouteSensor,4,Batch,1,1,Time,23839024
Jena_(No_Inferencing),Check,RouteSensor,4,Batch,1,1,Matches,0
Jena_(No_Inferencing),Read,SemaphoreNeighbor,4,Batch,1,1,Time,104272553
Jena_(No_Inferencing),Check,SemaphoreNeighbor,4,Batch,1,1,Time,15424285
Jena_(No_Inferencing),Check,SemaphoreNeighbor,4,Batch,1,1,Matches,0
Sesame_(No_Inferencing),Read,SwitchSet,4,Batch,1,1,Time,128295289
Sesame_(No_Inferencing),Check,SwitchSet,4,Batch,1,1,Time,43729361
Sesame_(No_Inferencing),Check,SwitchSet,4,Batch,1,1,Matches,0
Sesame_(No_Inferencing),Read,SwitchSet,1,Batch,256,1,Time,20527733822
Sesame_(No_Inferencing),Check,SwitchSet,1,Batch,256,1,Time,936143163
Sesame_(No_Inferencing),Check,SwitchSet,1,Batch,256,1,Matches,0
Jena_(No_Inferencing),Read,SwitchSet,2,Batch,256,1,Time,19614352970
Jena_(No_Inferencing),Check,SwitchSet,2,Batch,256,1,Time,122968729
Jena_(No_Inferencing),Check,SwitchSet,2,Batch,256,1,Matches,0
Sesame_(No_Inferencing),Read,RouteSensor,2,Batch,16,1,Time,887171691
Sesame_(No_Inferencing),Check,RouteSensor,2,Batch,16,1,Time,42887789
Sesame_(No_Inferencing),Check,RouteSensor,2,Batch,16,1,Matches,0
Sesame_(No_Inferencing),Read,ConnectedSegments,1,Batch,128,1,Time,9060435909
Sesame_(No_Inferencing),Check,ConnectedSegments,1,Batch,128,1,Time,9828284436
Sesame_(No_Inferencing),Check,ConnectedSegments,1,Batch,128,1,Matches,0
Sesame_(No_Inferencing),Read,SwitchSet,3,Batch,1,1,Time,124615665
Sesame_(No_Inferencing),Check,SwitchSet,3,Batch,1,1,Time,16703698
Sesame_(No_Inferencing),Check,SwitchSet,3,Batch,1,1,Matches,0
Sesame_(No_Inferencing),Read,SemaphoreNeighbor,5,Batch,2,1,Time,92479151
Sesame_(No_Inferencing),Check,SemaphoreNeighbor,5,Batch,2,1,Time,17401279799
Sesame_(No_Inferencing),Check,SemaphoreNeighbor,5,Batch,2,1,Matches,0
Jena_(No_Inferencing),Read,ConnectedSegments,1,Batch,32,1,Time,2883343547
Jena_(No_Inferencing),Check,ConnectedSegments,1,Batch,32,1,Time,1360874410
Jena_(No_Inferencing),Check,ConnectedSegments,1,Batch,32,1,Matches,0
Sesame_(No_Inferencing),Read,SemaphoreNeighbor,5,Batch,128,1,Time,10563848453
Sesame_(No_Inferencing),Check,SemaphoreNeighbor,5,Batch,128,1,Time,11132523664
Sesame_(No_Inferencing),Check,SemaphoreNeighbor,5,Batch,128,1,Matches,0
Jena_(No_Inferencing),Read,RouteSensor,4,Batch,8,1,Time,345490830
Jena_(No_Inferencing),Check,RouteSensor,4,Batch,8,1,Time,20331730
Jena_(No_Inferencing),Check,RouteSensor,4,Batch,8,1,Matches,0
Jena_(No_Inferencing),Read,RouteSensor,2,Batch,128,1,Time,8751982128
Jena_(No_Inferencing),Check,RouteSensor,2,Batch,128,1,Time,435844561
Jena_(No_Inferencing),Check,RouteSensor,2,Batch,128,1,Matches,0
Jena_(No_Inferencing),Read,RouteSensor,2,Batch,32,1,Time,2642549133
Jena_(No_Inferencing),Check,RouteSensor,2,Batch,32,1,Time,114211321
Jena_(No_Inferencing),Check,RouteSensor,2,Batch,32,1,Matches,0
Jena_(No_Inferencing),Read,SwitchSet,3,Batch,1,1,Time,167740511
Jena_(No_Inferencing),Check,SwitchSet,3,Batch,1,1,Time,4651643
Jena_(No_Inferencing),Check,SwitchSet,3,Batch,1,1,Matches,0
Jena_(No_Inferencing),Read,SwitchSet,3,Batch,16,1,Time,735114539
Jena_(No_Inferencing),Check,SwitchSet,3,Batch,16,1,Time,15667591
Jena_(No_Inferencing),Check,SwitchSet,3,Batch,16,1,Matches,0
Sesame_(No_Inferencing),Read,SemaphoreNeighbor,4,Batch,16,1,Time,866178359
Sesame_(No_Inferencing),Check,SemaphoreNeighbor,4,Batch,16,1,Time,1298858726
Sesame_(No_Inferencing),Check,SemaphoreNeighbor,4,Batch,16,1,Matches,0
Jena_(No_Inferencing),Read,SemaphoreNeighbor,3,Batch,16,1,Time,970873484
Jena_(No_Inferencing),Check,SemaphoreNeighbor,3,Batch,16,1,Time,153352952
Jena_(No_Inferencing),Check,SemaphoreNeighbor,3,Batch,16,1,Matches,0
Jena_(No_Inferencing),Read,SwitchSet,1,Batch,8,1,Time,1112170317
Jena_(No_Inferencing),Check,SwitchSet,1,Batch,8,1,Time,437826590
Jena_(No_Inferencing),Check,SwitchSet,1,Batch,8,1,Matches,0
Jena_(No_Inferencing),Read,SwitchSet,2,Batch,2,1,Time,193753513
Jena_(No_Inferencing),Check,SwitchSet,2,Batch,2,1,Time,8641349
Jena_(No_Inferencing),Check,SwitchSet,2,Batch,2,1,Matches,0
Jena_(No_Inferencing),Read,ConnectedSegments,5,Batch,64,1,Time,3849506952
Jena_(No_Inferencing),Check,ConnectedSegments,5,Batch,64,1,Time,1052361085
Jena_(No_Inferencing),Check,ConnectedSegments,5,Batch,64,1,Matches,0
Sesame_(No_Inferencing),Read,SwitchSet,1,Batch,128,1,Time,12274388943
Sesame_(No_Inferencing),Check,SwitchSet,1,Batch,128,1,Time,818430988
Sesame_(No_Inferencing),Check,SwitchSet,1,Batch,128,1,Matches,0
Sesame_(No_Inferencing),Read,RouteSensor,4,Batch,128,1,Time,6456173582
Sesame_(No_Inferencing),Check,RouteSensor,4,Batch,128,1,Time,295738432
Sesame_(No_Inferencing),Check,RouteSensor,4,Batch,128,1,Matches,0
Jena_(No_Inferencing),Read,ConnectedSegments,4,Batch,16,1,Time,772173306
Jena_(No_Inferencing),Check,ConnectedSegments,4,Batch,16,1,Time,165525483
Jena_(No_Inferencing),Check,ConnectedSegments,4,Batch,16,1,Matches,0
Jena_(No_Inferencing),Read,ConnectedSegments,4,Batch,128,1,Time,8643222163
Jena_(No_Inferencing),Check,ConnectedSegments,4,Batch,128,1,Time,4445062326
Jena_(No_Inferencing),Check,ConnectedSegments,4,Batch,128,1,Matches,0
Jena_(No_Inferencing),Read,SemaphoreNeighbor,1,Batch,128,1,Time,10425219268
Jena_(No_Inferencing),Check,SemaphoreNeighbor,1,Batch,128,1,Time,2680498997
Jena_(No_Inferencing),Check,SemaphoreNeighbor,1,Batch,128,1,Matches,0
Jena_(No_Inferencing),Read,SemaphoreNeighbor,3,Batch,128,1,Time,6874848874
Jena_(No_Inferencing),Check,SemaphoreNeighbor,3,Batch,128,1,Time,1119136723
Jena_(No_Inferencing),Check,SemaphoreNeighbor,3,Batch,128,1,Matches,0
Jena_(No_Inferencing),Read,RouteSensor,3,Batch,16,1,Time,690957803
Jena_(No_Inferencing),Check,RouteSensor,3,Batch,16,1,Time,36353389
Jena_(No_Inferencing),Check,RouteSensor,3,Batch,16,1,Matches,0
Jena_(No_Inferencing),Read,SwitchSet,4,Batch,32,1,Time,2059573531
Jena_(No_Inferencing),Check,SwitchSet,4,Batch,32,1,Time,24456518
Jena_(No_Inferencing),Check,SwitchSet,4,Batch,32,1,Matches,0
Jena_(No_Inferencing),Read,ConnectedSegments,1,Batch,64,1,Time,4618290973
Jena_(No_Inferencing),Check,ConnectedSegments,1,Batch,64,1,Time,1852672273
Jena_(No_Inferencing),Check,ConnectedSegments,1,Batch,64,1,Matches,0
Sesame_(No_Inferencing),Read,SwitchSet,4,Batch,256,1,Time,19744984664
Sesame_(No_Inferencing),Check,SwitchSet,4,Batch,256,1,Time,440109914
Sesame_(No_Inferencing),Check,SwitchSet,4,Batch,256,1,Matches,0
Sesame_(No_Inferencing),Read,ConnectedSegments,4,Batch,256,1,Time,16969873762
Sesame_(No_Inferencing),Check,ConnectedSegments,4,Batch,256,1,Time,19551320163
Sesame_(No_Inferencing),Check,ConnectedSegments,4,Batch,256,1,Matches,0
Jena_(No_Inferencing),Read,RouteSensor,2,Batch,8,1,Time,714582294
Jena_(No_Inferencing),Check,RouteSensor,2,Batch,8,1,Time,67528153
Jena_(No_Inferencing),Check,RouteSensor,2,Batch,8,1,Matches,0
Sesame_(No_Inferencing),Read,RouteSensor,2,Batch,128,1,Time,6649048376
Sesame_(No_Inferencing),Check,RouteSensor,2,Batch,128,1,Time,348008285
Sesame_(No_Inferencing),Check,RouteSensor,2,Batch,128,1,Matches,0
Jena_(No_Inferencing),Read,ConnectedSegments,3,Batch,16,1,Time,702624329
Jena_(No_Inferencing),Check,ConnectedSegments,3,Batch,16,1,Time,263695488
Jena_(No_Inferencing),Check,ConnectedSegments,3,Batch,16,1,Matches,0
Sesame_(No_Inferencing),Read,RouteSensor,1,Batch,8,1,Time,1274568687
Sesame_(No_Inferencing),Check,RouteSensor,1,Batch,8,1,Time,420402179
Sesame_(No_Inferencing),Check,RouteSensor,1,Batch,8,1,Matches,0
Jena_(No_Inferencing),Read,SwitchSet,5,Batch,2,1,Time,146094287
Jena_(No_Inferencing),Check,SwitchSet,5,Batch,2,1,Time,10309163
Jena_(No_Inferencing),Check,SwitchSet,5,Batch,2,1,Matches,0
Jena_(No_Inferencing),Read,SemaphoreNeighbor,4,Batch,16,1,Time,718153230
Jena_(No_Inferencing),Check,SemaphoreNeighbor,4,Batch,16,1,Time,223877442
Jena_(No_Inferencing),Check,SemaphoreNeighbor,4,Batch,16,1,Matches,0
Jena_(No_Inferencing),Read,RouteSensor,1,Batch,256,1,Time,18244305053
Jena_(No_Inferencing),Check,RouteSensor,1,Batch,256,1,Time,1616917911
Jena_(No_Inferencing),Check,RouteSensor,1,Batch,256,1,Matches,0
Jena_(No_Inferencing),Read,ConnectedSegments,1,Batch,4,1,Time,1160416444
Jena_(No_Inferencing),Check,ConnectedSegments,1,Batch,4,1,Time,428359859
Jena_(No_Inferencing),Check,ConnectedSegments,1,Batch,4,1,Matches,0
Jena_(No_Inferencing),Read,SemaphoreNeighbor,2,Batch,64,1,Time,4352538100
Jena_(No_Inferencing),Check,SemaphoreNeighbor,2,Batch,64,1,Time,657145392
Jena_(No_Inferencing),Check,SemaphoreNeighbor,2,Batch,64,1,Matches,0
Sesame_(No_Inferencing),Read,SwitchSet,1,Batch,4,1,Time,1604477935
Sesame_(No_Inferencing),Check,SwitchSet,1,Batch,4,1,Time,403598363
Sesame_(No_Inferencing),Check,SwitchSet,1,Batch,4,1,Matches,0
Jena_(No_Inferencing),Read,SemaphoreNeighbor,2,Batch,32,1,Time,2076393931
Jena_(No_Inferencing),Check,SemaphoreNeighbor,2,Batch,32,1,Time,588871283
Jena_(No_Inferencing),Check,SemaphoreNeighbor,2,Batch,32,1,Matches,0
Sesame_(No_Inferencing),Read,RouteSensor,1,Batch,2,1,Time,518329527
Sesame_(No_Inferencing),Check,RouteSensor,1,Batch,2,1,Time,146076387
Sesame_(No_Inferencing),Check,RouteSensor,1,Batch,2,1,Matches,0
Jena_(No_Inferencing),Read,SemaphoreNeighbor,5,Batch,256,1,Time,15456954624
Jena_(No_Inferencing),Check,SemaphoreNeighbor,5,Batch,256,1,Time,6716684452
Jena_(No_Inferencing),Check,SemaphoreNeighbor,5,Batch,256,1,Matches,0
Sesame_(No_Inferencing),Read,SwitchSet,2,Batch,32,1,Time,2052882510
Sesame_(No_Inferencing),Check,SwitchSet,2,Batch,32,1,Time,211873264
Sesame_(No_Inferencing),Check,SwitchSet,2,Batch,32,1,Matches,0
Jena_(No_Inferencing),Read,ConnectedSegments,2,Batch,32,1,Time,2612210729
Jena_(No_Inferencing),Check,ConnectedSegments,2,Batch,32,1,Time,622589300
Jena_(No_Inferencing),Check,ConnectedSegments,2,Batch,32,1,Matches,0
Jena_(No_Inferencing),Read,SemaphoreNeighbor,3,Batch,2,1,Time,183247534
Jena_(No_Inferencing),Check,SemaphoreNeighbor,3,Batch,2,1,Time,26324533
Jena_(No_Inferencing),Check,SemaphoreNeighbor,3,Batch,2,1,Matches,0
Sesame_(No_Inferencing),Read,SemaphoreNeighbor,3,Batch,32,1,Time,2425826924
Sesame_(No_Inferencing),Check,SemaphoreNeighbor,3,Batch,32,1,Time,3080068223
Sesame_(No_Inferencing),Check,SemaphoreNeighbor,3,Batch,32,1,Matches,0
Jena_(No_Inferencing),Read,SemaphoreNeighbor,4,Batch,256,1,Time,15159943883
Jena_(No_Inferencing),Check,SemaphoreNeighbor,4,Batch,256,1,Time,7301660493
Jena_(No_Inferencing),Check,SemaphoreNeighbor,4,Batch,256,1,Matches,0
Sesame_(No_Inferencing),Read,ConnectedSegments,5,Batch,64,1,Time,3157397110
Sesame_(No_Inferencing),Check,ConnectedSegments,5,Batch,64,1,Time,4572971603
Sesame_(No_Inferencing),Check,ConnectedSegments,5,Batch,64,1,Matches,0
Sesame_(No_Inferencing),Read,ConnectedSegments,2,Batch,2,1,Time,129472783
Sesame_(No_Inferencing),Check,ConnectedSegments,2,Batch,2,1,Time,251979656
Sesame_(No_Inferencing),Check,ConnectedSegments,2,Batch,2,1,Matches,0
Jena_(No_Inferencing),Read,SemaphoreNeighbor,1,Batch,32,1,Time,3774313261
Jena_(No_Inferencing),Check,SemaphoreNeighbor,1,Batch,32,1,Time,1288312132
Jena_(No_Inferencing),Check,SemaphoreNeighbor,1,Batch,32,1,Matches,0
Jena_(No_Inferencing),Read,RouteSensor,1,Batch,16,1,Time,2106700354
Jena_(No_Inferencing),Check,RouteSensor,1,Batch,16,1,Time,692703754
Jena_(No_Inferencing),Check,RouteSensor,1,Batch,16,1,Matches,0
Sesame_(No_Inferencing),Read,SwitchSet,1,Batch,16,1,Time,2814673526
Sesame_(No_Inferencing),Check,SwitchSet,1,Batch,16,1,Time,416293206
Sesame_(No_Inferencing),Check,SwitchSet,1,Batch,16,1,Matches,0
Jena_(No_Inferencing),Read,SemaphoreNeighbor,5,Batch,4,1,Time,234612859
Jena_(No_Inferencing),Check,SemaphoreNeighbor,5,Batch,4,1,Time,67102353
Jena_(No_Inferencing),Check,SemaphoreNeighbor,5,Batch,4,1,Matches,0
Sesame_(No_Inferencing),Read,SwitchSet,4,Batch,64,1,Time,3812278488
Sesame_(No_Inferencing),Check,SwitchSet,4,Batch,64,1,Time,155068441
Sesame_(No_Inferencing),Check,SwitchSet,4,Batch,64,1,Matches,0
Jena_(No_Inferencing),Read,SemaphoreNeighbor,5,Batch,8,1,Time,393553347
Jena_(No_Inferencing),Check,SemaphoreNeighbor,5,Batch,8,1,Time,188996758
Jena_(No_Inferencing),Check,SemaphoreNeighbor,5,Batch,8,1,Matches,0
Sesame_(No_Inferencing),Read,SemaphoreNeighbor,4,Batch,32,1,Time,1843117503
Sesame_(No_Inferencing),Check,SemaphoreNeighbor,4,Batch,32,1,Time,3072972800
Sesame_(No_Inferencing),Check,SemaphoreNeighbor,4,Batch,32,1,Matches,0
INSTANS,Read,ConnectedSegments,1,Batch,1,1,Time,1308066845
INSTANS,Check,ConnectedSegments,1,Batch,1,1,Time,151819944
INSTANS,Check,ConnectedSegments,1,Batch,1,1,Matches,0
INSTANS,Read,RouteSensor,1,Batch,1,1,Time,1133705854
INSTANS,Check,RouteSensor,1,Batch,1,1,Time,156172037
INSTANS,Check,RouteSensor,1,Batch,1,1,Matches,0
INSTANS,Read,SemaphoreNeighbor,1,Batch,1,1,Time,1234757900
INSTANS,Check,SemaphoreNeighbor,1,Batch,1,1,Time,138630152
INSTANS,Check,SemaphoreNeighbor,1,Batch,1,1,Matches,0
INSTANS,Read,SwitchSet,1,Batch,1,1,Time,809201002
INSTANS,Check,SwitchSet,1,Batch,1,1,Time,236186981
INSTANS,Check,SwitchSet,1,Batch,1,1,Matches,0
INSTANS,Read,ConnectedSegments,1,Batch,2,1,Time,1569236040
INSTANS,Check,ConnectedSegments,1,Batch,2,1,Time,146306992
INSTANS,Check,ConnectedSegments,1,Batch,2,1,Matches,0
INSTANS,Read,RouteSensor,1,Batch,2,1,Time,2135483980
INSTANS,Check,RouteSensor,1,Batch,2,1,Time,203032017
INSTANS,Check,RouteSensor,1,Batch,2,1,Matches,0
INSTANS,Read,SemaphoreNeighbor,1,Batch,2,1,Time,1893628120
INSTANS,Check,SemaphoreNeighbor,1,Batch,2,1,Time,179214001
INSTANS,Check,SemaphoreNeighbor,1,Batch,2,1,Matches,0
INSTANS,Read,SwitchSet,1,Batch,2,1,Time,2032912970
INSTANS,Check,SwitchSet,1,Batch,2,1,Time,197046041
INSTANS,Check,SwitchSet,1,Batch,2,1,Matches,0
INSTANS,Read,ConnectedSegments,1,Batch,4,1,Time,4805103064
INSTANS,Check,ConnectedSegments,1,Batch,4,1,Time,165575027
INSTANS,Check,ConnectedSegments,1,Batch,4,1,Matches,0
INSTANS,Read,RouteSensor,1,Batch,4,1,Time,4429562092
INSTANS,Check,RouteSensor,1,Batch,4,1,Time,278017044
INSTANS,Check,RouteSensor,1,Batch,4,1,Matches,0
INSTANS,Read,SemaphoreNeighbor,1,Batch,4,1,Time,6074740171
INSTANS,Check,SemaphoreNeighbor,1,Batch,4,1,Time,206090927
INSTANS,Check,SemaphoreNeighbor,1,Batch,4,1,Matches,0
INSTANS,Read,SwitchSet,1,Batch,4,1,Time,4160005093
INSTANS,Check,SwitchSet,1,Batch,4,1,Time,233062983
INSTANS,Check,SwitchSet,1,Batch,4,1,Matches,0
INSTANS,Read,ConnectedSegments,1,Batch,8,1,Time,9748507023
INSTANS,Check,ConnectedSegments,1,Batch,8,1,Time,221522808
INSTANS,Check,ConnectedSegments,1,Batch,8,1,Matches,0
INSTANS,Read,RouteSensor,1,Batch,8,1,Time,7194565058
INSTANS,Check,RouteSensor,1,Batch,8,1,Time,183886051
INSTANS,Check,RouteSensor,1,Batch,8,1,Matches,0
INSTANS,Read,SemaphoreNeighbor,1,Batch,8,1,Time,8093654871
INSTANS,Check,SemaphoreNeighbor,1,Batch,8,1,Time,149646997
INSTANS,Check,SemaphoreNeighbor,1,Batch,8,1,Matches,0
INSTANS,Read,SwitchSet,1,Batch,8,1,Time,7430346966
INSTANS,Check,SwitchSet,1,Batch,8,1,Time,197592020
INSTANS,Check,SwitchSet,1,Batch,8,1,Matches,0
INSTANS,Read,ConnectedSegments,1,Batch,16,1,Time,20390831947
INSTANS,Check,ConnectedSegments,1,Batch,16,1,Time,172333002
INSTANS,Check,ConnectedSegments,1,Batch,16,1,Matches,0
INSTANS,Read,RouteSensor,1,Batch,16,1,Time,18702217102
INSTANS,Check,RouteSensor,1,Batch,16,1,Time,182996035
INSTANS,Check,RouteSensor,1,Batch,16,1,Matches,0
INSTANS,Read,SemaphoreNeighbor,1,Batch,16,1,Time,18018915176
INSTANS,Check,SemaphoreNeighbor,1,Batch,16,1,Time,145184040
INSTANS,Check,SemaphoreNeighbor,1,Batch,16,1,Matches,0
INSTANS,Read,SwitchSet,1,Batch,16,1,Time,13324064970
INSTANS,Check,SwitchSet,1,Batch,16,1,Time,145227909
INSTANS,Check,SwitchSet,1,Batch,16,1,Matches,0
INSTANS,Read,ConnectedSegments,1,Batch,32,1,Time,35514410019
INSTANS,Check,ConnectedSegments,1,Batch,32,1,Time,191548109
INSTANS,Check,ConnectedSegments,1,Batch,32,1,Matches,0
INSTANS,Read,RouteSensor,1,Batch,32,1,Time,29436881781
INSTANS,Check,RouteSensor,1,Batch,32,1,Time,178561926
INSTANS,Check,RouteSensor,1,Batch,32,1,Matches,0
INSTANS,Read,SemaphoreNeighbor,1,Batch,32,1,Time,37185018063
INSTANS,Check,SemaphoreNeighbor,1,Batch,32,1,Time,194107056
INSTANS,Check,SemaphoreNeighbor,1,Batch,32,1,Matches,0
INSTANS,Read,SwitchSet,1,Batch,32,1,Time,22828185081
INSTANS,Check,SwitchSet,1,Batch,32,1,Time,155021906
INSTANS,Check,SwitchSet,1,Batch,32,1,Matches,0
INSTANS,Read,ConnectedSegments,1,Batch,64,1,Time,67200114012
INSTANS,Check,ConnectedSegments,1,Batch,64,1,Time,213286161
INSTANS,Check,ConnectedSegments,1,Batch,64,1,Matches,0
INSTANS,Read,RouteSensor,1,Batch,64,1,Time,68260864019
INSTANS,Check,RouteSensor,1,Batch,64,1,Time,182631969
INSTANS,Check,RouteSensor,1,Batch,64,1,Matches,0
INSTANS,Read,SemaphoreNeighbor,1,Batch,64,1,Time,76767935038
INSTANS,Check,SemaphoreNeighbor,1,Batch,64,1,Time,652929783
INSTANS,Check,SemaphoreNeighbor,1,Batch,64,1,Matches,0
INSTANS,Read,SwitchSet,1,Batch,64,1,Time,45955787897
INSTANS,Check,SwitchSet,1,Batch,64,1,Time,139405966
INSTANS,Check,SwitchSet,1,Batch,64,1,Matches,0
INSTANS,Read,ConnectedSegments,1,Batch,128,1,Time,657872352123
INSTANS,Check,ConnectedSegments,1,Batch,128,1,Time,514029980
INSTANS,Check,ConnectedSegments,1,Batch,128,1,Matches,0
INSTANS,Read,RouteSensor,1,Batch,128,1,Time,88087620974
INSTANS,Check,RouteSensor,1,Batch,128,1,Time,559639931
INSTANS,Check,RouteSensor,1,Batch,128,1,Matches,0
INSTANS,Read,SemaphoreNeighbor,1,Batch,128,1,Time,69633304119
INSTANS,Check,SemaphoreNeighbor,1,Batch,128,1,Time,426013947
INSTANS,Check,SemaphoreNeighbor,1,Batch,128,1,Matches,0
INSTANS,Read,SwitchSet,1,Batch,128,1,Time,87137428045
INSTANS,Check,SwitchSet,1,Batch,128,1,Time,194203854
INSTANS,Check,SwitchSet,1,Batch,128,1,Matches,0
INSTANS,Read,ConnectedSegments,1,inject,1,1,Time,1137439013
INSTANS,Check,ConnectedSegments,1,inject,1,1,Time,175137997
INSTANS,Check,ConnectedSegments,1,inject,1,1,Matches,4
INSTANS,Read,RouteSensor,1,inject,1,1,Time,1124830961
INSTANS,Check,RouteSensor,1,inject,1,1,Time,201525211
INSTANS,Check,RouteSensor,1,inject,1,1,Matches,2
INSTANS,Read,SemaphoreNeighbor,1,inject,1,1,Time,1471194983
INSTANS,Check,SemaphoreNeighbor,1,inject,1,1,Time,155738831
INSTANS,Check,SemaphoreNeighbor,1,inject,1,1,Matches,1
INSTANS,Read,SwitchSet,1,inject,1,1,Time,857404947
INSTANS,Check,SwitchSet,1,inject,1,1,Time,143345833
INSTANS,Check,SwitchSet,1,inject,1,1,Matches,1
INSTANS,Read,ConnectedSegments,1,inject,2,1,Time,1864427090
INSTANS,Check,ConnectedSegments,1,inject,2,1,Time,141601086
INSTANS,Check,ConnectedSegments,1,inject,2,1,Matches,15
INSTANS,Read,RouteSensor,1,inject,2,1,Time,1833269119
INSTANS,Check,RouteSensor,1,inject,2,1,Time,138425112
INSTANS,Check,RouteSensor,1,inject,2,1,Matches,2
INSTANS,Read,SemaphoreNeighbor,1,inject,2,1,Time,2007704973
INSTANS,Check,SemaphoreNeighbor,1,inject,2,1,Time,159236193
INSTANS,Check,SemaphoreNeighbor,1,inject,2,1,Matches,2
INSTANS,Read,SwitchSet,1,inject,2,1,Time,1429221869
INSTANS,Check,SwitchSet,1,inject,2,1,Time,186027050
INSTANS,Check,SwitchSet,1,inject,2,1,Matches,2
INSTANS,Read,ConnectedSegments,1,inject,4,1,Time,4110370159
INSTANS,Check,ConnectedSegments,1,inject,4,1,Time,295632124
INSTANS,Check,ConnectedSegments,1,inject,4,1,Matches,45
INSTANS,Read,RouteSensor,1,inject,4,1,Time,3580888033
INSTANS,Check,RouteSensor,1,inject,4,1,Time,148149967
INSTANS,Check,RouteSensor,1,inject,4,1,Matches,9
INSTANS,Read,SemaphoreNeighbor,1,inject,4,1,Time,4254780054
INSTANS,Check,SemaphoreNeighbor,1,inject,4,1,Time,162933111
INSTANS,Check,SemaphoreNeighbor,1,inject,4,1,Matches,2
INSTANS,Read,SwitchSet,1,inject,4,1,Time,3756382942
INSTANS,Check,SwitchSet,1,inject,4,1,Time,179757118
INSTANS,Check,SwitchSet,1,inject,4,1,Matches,7
INSTANS,Read,ConnectedSegments,1,inject,8,1,Time,8797345161
INSTANS,Check,ConnectedSegments,1,inject,8,1,Time,216913223
INSTANS,Check,ConnectedSegments,1,inject,8,1,Matches,108
INSTANS,Read,RouteSensor,1,inject,8,1,Time,7104949951
INSTANS,Check,RouteSensor,1,inject,8,1,Time,156091928
INSTANS,Check,RouteSensor,1,inject,8,1,Matches,19
INSTANS,Read,SemaphoreNeighbor,1,inject,8,1,Time,9669319153
INSTANS,Check,SemaphoreNeighbor,1,inject,8,1,Time,189209938
INSTANS,Check,SemaphoreNeighbor,1,inject,8,1,Matches,6
INSTANS,Read,SwitchSet,1,inject,8,1,Time,5934881926
INSTANS,Check,SwitchSet,1,inject,8,1,Time,161910057
INSTANS,Check,SwitchSet,1,inject,8,1,Matches,18
INSTANS,Read,ConnectedSegments,1,inject,16,1,Time,13995101929
INSTANS,Check,ConnectedSegments,1,inject,16,1,Time,164081097
INSTANS,Check,ConnectedSegments,1,inject,16,1,Matches,204
INSTANS,Read,RouteSensor,1,inject,16,1,Time,16183312178
INSTANS,Check,RouteSensor,1,inject,16,1,Time,157306910
INSTANS,Check,RouteSensor,1,inject,16,1,Matches,26
INSTANS,Read,SemaphoreNeighbor,1,inject,16,1,Time,20017517090
INSTANS,Check,SemaphoreNeighbor,1,inject,16,1,Time,190608025
INSTANS,Check,SemaphoreNeighbor,1,inject,16,1,Matches,10
INSTANS,Read,SwitchSet,1,inject,16,1,Time,9426644087
INSTANS,Check,SwitchSet,1,inject,16,1,Time,147840023
INSTANS,Check,SwitchSet,1,inject,16,1,Matches,43
INSTANS,Read,ConnectedSegments,1,inject,32,1,Time,32806988001
INSTANS,Check,ConnectedSegments,1,inject,32,1,Time,142307043
INSTANS,Check,ConnectedSegments,1,inject,32,1,Matches,439
INSTANS,Read,RouteSensor,1,inject,32,1,Time,32543501139
INSTANS,Check,RouteSensor,1,inject,32,1,Time,166887999
INSTANS,Check,RouteSensor,1,inject,32,1,Matches,57
INSTANS,Read,SemaphoreNeighbor,1,inject,32,1,Time,39282183886
INSTANS,Check,SemaphoreNeighbor,1,inject,32,1,Time,187937975
INSTANS,Check,SemaphoreNeighbor,1,inject,32,1,Matches,13
INSTANS,Read,SwitchSet,1,inject,32,1,Time,24341876030
INSTANS,Check,SwitchSet,1,inject,32,1,Time,147288084
INSTANS,Check,SwitchSet,1,inject,32,1,Matches,118
INSTANS,Read,ConnectedSegments,1,inject,64,1,Time,71648200035
INSTANS,Check,ConnectedSegments,1,inject,64,1,Time,213215113
INSTANS,Check,ConnectedSegments,1,inject,64,1,Matches,803
INSTANS,Read,RouteSensor,1,inject,64,1,Time,58435916185
INSTANS,Check,RouteSensor,1,inject,64,1,Time,158709049
INSTANS,Check,RouteSensor,1,inject,64,1,Matches,116
INSTANS,Read,SemaphoreNeighbor,1,inject,64,1,Time,67655232191
INSTANS,Check,SemaphoreNeighbor,1,inject,64,1,Time,403918982
INSTANS,Check,SemaphoreNeighbor,1,inject,64,1,Matches,0
INSTANS,Read,SwitchSet,1,inject,64,1,Time,48420367002
INSTANS,Check,SwitchSet,1,inject,64,1,Time,187865019
INSTANS,Check,SwitchSet,1,inject,64,1,Matches,233
INSTANS,Read,ConnectedSegments,1,inject,128,1,Time,194641693115
INSTANS,Check,ConnectedSegments,1,inject,128,1,Time,661148071
INSTANS,Check,ConnectedSegments,1,inject,128,1,Matches,0
INSTANS,Read,RouteSensor,1,inject,128,1,Time,102913988829
INSTANS,Check,RouteSensor,1,inject,128,1,Time,554380894
INSTANS,Check,RouteSensor,1,inject,128,1,Matches,0
INSTANS,Read,SemaphoreNeighbor,1,inject,128,1,Time,81434789181
INSTANS,Check,SemaphoreNeighbor,1,inject,128,1,Time,509423018
INSTANS,Check,SemaphoreNeighbor,1,inject,128,1,Matches,0
INSTANS,Read,SwitchSet,1,inject,128,1,Time,113806452990
INSTANS,Check,SwitchSet,1,inject,128,1,Time,191366911
INSTANS,Check,SwitchSet,1,inject,128,1,Matches,470
INSTANS,Read,ConnectedSegments,1,repair,1,1,Time,1209832191
INSTANS,Check,ConnectedSegments,1,repair,1,1,Time,144876003
INSTANS,Check,ConnectedSegments,1,repair,1,1,Matches,4
INSTANS,Read,RouteSensor,1,repair,1,1,Time,1250792980
INSTANS,Check,RouteSensor,1,repair,1,1,Time,157891989
INSTANS,Check,RouteSensor,1,repair,1,1,Matches,7
INSTANS,Read,SemaphoreNeighbor,1,repair,1,1,Time,1563408136
INSTANS,Check,SemaphoreNeighbor,1,repair,1,1,Time,148078203
INSTANS,Check,SemaphoreNeighbor,1,repair,1,1,Matches,1
INSTANS,Read,SwitchSet,1,repair,1,1,Time,900531054
INSTANS,Check,SwitchSet,1,repair,1,1,Time,143302917
INSTANS,Check,SwitchSet,1,repair,1,1,Matches,2
INSTANS,Read,ConnectedSegments,1,repair,2,1,Time,1967154026
INSTANS,Check,ConnectedSegments,1,repair,2,1,Time,148425102
INSTANS,Check,ConnectedSegments,1,repair,2,1,Matches,15
INSTANS,Read,RouteSensor,1,repair,2,1,Time,1828768015
INSTANS,Check,RouteSensor,1,repair,2,1,Time,157763004
INSTANS,Check,RouteSensor,1,repair,2,1,Matches,9
INSTANS,Read,SemaphoreNeighbor,1,repair,2,1,Time,2027757168
INSTANS,Check,SemaphoreNeighbor,1,repair,2,1,Time,145900965
INSTANS,Check,SemaphoreNeighbor,1,repair,2,1,Matches,1
INSTANS,Read,SwitchSet,1,repair,2,1,Time,1624129057
INSTANS,Check,SwitchSet,1,repair,2,1,Time,182792902
INSTANS,Check,SwitchSet,1,repair,2,1,Matches,4
INSTANS,Read,ConnectedSegments,1,repair,4,1,Time,3852584124
INSTANS,Check,ConnectedSegments,1,repair,4,1,Time,154155016
INSTANS,Check,ConnectedSegments,1,repair,4,1,Matches,45
INSTANS,Read,RouteSensor,1,repair,4,1,Time,3769273043
INSTANS,Check,RouteSensor,1,repair,4,1,Time,168696165
INSTANS,Check,RouteSensor,1,repair,4,1,Matches,26
INSTANS,Read,SemaphoreNeighbor,1,repair,4,1,Time,4029222012
INSTANS,Check,SemaphoreNeighbor,1,repair,4,1,Time,162867069
INSTANS,Check,SemaphoreNeighbor,1,repair,4,1,Matches,0
INSTANS,Read,SwitchSet,1,repair,4,1,Time,2640417099
INSTANS,Check,SwitchSet,1,repair,4,1,Time,154300928
INSTANS,Check,SwitchSet,1,repair,4,1,Matches,11
INSTANS,Read,ConnectedSegments,1,repair,8,1,Time,8290034056
INSTANS,Check,ConnectedSegments,1,repair,8,1,Time,197956085
INSTANS,Check,ConnectedSegments,1,repair,8,1,Matches,108
INSTANS,Read,RouteSensor,1,repair,8,1,Time,8620924950
INSTANS,Check,RouteSensor,1,repair,8,1,Time,200139999
INSTANS,Check,RouteSensor,1,repair,8,1,Matches,44
INSTANS,Read,SemaphoreNeighbor,1,repair,8,1,Time,8722554922
INSTANS,Check,SemaphoreNeighbor,1,repair,8,1,Time,238594055
INSTANS,Check,SemaphoreNeighbor,1,repair,8,1,Matches,5
INSTANS,Read,SwitchSet,1,repair,8,1,Time,7291896820
INSTANS,Check,SwitchSet,1,repair,8,1,Time,292262077
INSTANS,Check,SwitchSet,1,repair,8,1,Matches,24
INSTANS,Read,ConnectedSegments,1,repair,16,1,Time,17713571072
INSTANS,Check,ConnectedSegments,1,repair,16,1,Time,303071022
INSTANS,Check,ConnectedSegments,1,repair,16,1,Matches,204
INSTANS,Read,RouteSensor,1,repair,16,1,Time,15077437878
INSTANS,Check,RouteSensor,1,repair,16,1,Time,190987110
INSTANS,Check,RouteSensor,1,repair,16,1,Matches,70
INSTANS,Read,SemaphoreNeighbor,1,repair,16,1,Time,19560230017
INSTANS,Check,SemaphoreNeighbor,1,repair,16,1,Time,194624901
INSTANS,Check,SemaphoreNeighbor,1,repair,16,1,Matches,8
INSTANS,Read,SwitchSet,1,repair,16,1,Time,11321663141
INSTANS,Check,SwitchSet,1,repair,16,1,Time,162284851
INSTANS,Check,SwitchSet,1,repair,16,1,Matches,52
INSTANS,Read,ConnectedSegments,1,repair,32,1,Time,35176545143
INSTANS,Check,ConnectedSegments,1,repair,32,1,Time,185652971
INSTANS,Check,ConnectedSegments,1,repair,32,1,Matches,439
INSTANS,Read,RouteSensor,1,repair,32,1,Time,29498323917
INSTANS,Check,RouteSensor,1,repair,32,1,Time,290349007
INSTANS,Check,RouteSensor,1,repair,32,1,Matches,149
INSTANS,Read,SemaphoreNeighbor,1,repair,32,1,Time,44088646889
INSTANS,Check,SemaphoreNeighbor,1,repair,32,1,Time,171809912
INSTANS,Check,SemaphoreNeighbor,1,repair,32,1,Matches,13
INSTANS,Read,SwitchSet,1,repair,32,1,Time,23353186131
INSTANS,Check,SwitchSet,1,repair,32,1,Time,204506874
INSTANS,Check,SwitchSet,1,repair,32,1,Matches,144
INSTANS,Read,ConnectedSegments,1,repair,64,1,Time,66369907141
INSTANS,Check,ConnectedSegments,1,repair,64,1,Time,173219919
INSTANS,Check,ConnectedSegments,1,repair,64,1,Matches,803
INSTANS,Read,RouteSensor,1,repair,64,1,Time,66148252964
INSTANS,Check,RouteSensor,1,repair,64,1,Time,167740107
INSTANS,Check,RouteSensor,1,repair,64,1,Matches,311
INSTANS,Read,SemaphoreNeighbor,1,repair,64,1,Time,81584190845
INSTANS,Check,SemaphoreNeighbor,1,repair,64,1,Time,641433001
INSTANS,Check,SemaphoreNeighbor,1,repair,64,1,Matches,0
INSTANS,Read,SwitchSet,1,repair,64,1,Time,48421448946
INSTANS,Check,SwitchSet,1,repair,64,1,Time,408552885
INSTANS,Check,SwitchSet,1,repair,64,1,Matches,287
INSTANS,Read,ConnectedSegments,1,repair,128,1,Time,725804339170
INSTANS,Check,ConnectedSegments,1,repair,128,1,Time,452036142
INSTANS,Check,ConnectedSegments,1,repair,128,1,Matches,0
INSTANS,Read,RouteSensor,1,repair,128,1,Time,93448963881
INSTANS,Check,RouteSensor,1,repair,128,1,Time,575882196
INSTANS,Check,RouteSensor,1,repair,128,1,Matches,0
INSTANS,Read,SemaphoreNeighbor,1,repair,128,1,Time,70489015818
INSTANS,Check,SemaphoreNeighbor,1,repair,128,1,Time,482452154
INSTANS,Check,SemaphoreNeighbor,1,repair,128,1,Matches,0
INSTANS,Read,SwitchSet,1,repair,128,1,Time,90238961935
INSTANS,Check,SwitchSet,1,repair,128,1,Time,177525997
INSTANS,Check,SwitchSet,1,repair,128,1,Matches,590
